Hour,Temperature,Energy
0,17.75567477928637,1000
1,17.097417688029257,1000
2,16.70253079521601,1000
3,16.700157141436538,1000
4,16.700363732710482,1000
5,16.700060527846095,1000
6,16.699173186578292,1000
7,20.645804634959806,1000
8,21.660202891056606,2000
9,22.202527967035973,2000
10,22.20065560734963,2000
11,22.408477813161824,2000
12,22.88404558091668,2000
13,22.28127777325394,2000
14,22.52249987358253,2000
15,22.700790944329224,2000
16,22.283321855332208,2000
17,22.202021796503544,2000
18,22.20265556549768,2000
19,22.204106201153678,2000
20,22.20212161592161,2000
21,19.312006687231026,1000
22,18.556725798995547,1000
23,18.075234904557984,1000
24,17.755674779286373,1000
25,17.458835096035617,1000
26,17.23832080963415,1000
27,17.08567344383499,1000
28,17.00813464618625,1000
29,16.9461967788345,1000
30,16.923804503405034,1000
31,21.728903305626744,2000
32,22.202697287333038,2000
33,22.202031678049373,2000
34,22.202643775941507,2000
35,22.20078602602697,2000
36,22.200689005363422,2000
37,22.201223542577306,2000
38,22.235904272430407,2000
39,22.285799990513844,2000
40,22.201670087437012,2000
41,22.20230458994446,2000
42,22.20186210476378,2000
43,22.20215861336947,2000
44,22.201465455591546,2000
45,19.321155395961497,1000
46,18.743108461889612,1000
47,18.430541186622158,1000
48,18.076955963705313,1000
49,17.83442599468791,1000
50,17.585437550265116,1000
51,17.35799084972171,1000
52,17.22367681102805,1000
53,17.089472822966666,1000
54,16.91534591982609,1000
55,21.42976653486099,1000
56,22.203508477489265,2000
57,22.203075226237427,2000
58,22.20143618176006,2000
59,22.201444873384375,2000
60,22.201403282173768,2000
61,22.201819700309517,2000
62,22.201171698577166,2000
63,22.217525440718862,2000
64,22.20034698438555,2000
65,22.203282432910072,2000
66,22.202090574663448,2000
67,22.202959102419793,2000
68,22.20166930085726,2000
69,19.07536337401085,1000
70,18.27990816162157,1000
71,17.758257242500687,1000
72,17.455045980612496,1000
73,17.231294177352485,1000
74,17.017758277996965,1000
75,16.84754994218285,1000
76,16.726315588653623,1000
77,16.69971187881192,1000
78,16.699351466089723,1000
79,21.33298315852052,1000
80,22.200137184126422,2000
81,22.203587366973217,2000
82,22.202017263666832,2000
83,22.201147648210824,2000
84,22.201886633905122,2000
85,22.200606819468657,2000
86,22.20036661299161,2000
87,22.201736205226084,2000
88,22.202032467622967,2000
89,22.204596297595582,2000
90,22.20272022866539,2000
91,22.205765797473106,2000
92,22.203758245117477,2000
93,18.473497111360725,1000
94,17.595322795218173,1000
95,17.11986123806694,1000
96,16.799920346094126,1000
97,16.702056931897605,1000
98,16.699723069933086,1000
99,16.69939645807933,1000
100,16.699627348403297,1000
101,16.69929420195156,1000
102,16.70010371198081,1000
103,16.69901558719264,1000
104,16.699934478475253,1000
105,16.699635109776352,1000
106,17.035031984145242,1000
107,18.110709044939913,1000
108,19.278912046151937,1000
109,20.493071521963547,1000
110,21.49756495266032,1000
111,21.601302044437546,2000
112,20.36331979262067,1000
113,18.725913010187256,1000
114,17.800404332523627,1000
115,17.205935651486037,1000
116,16.80183151022176,1000
117,16.700621182108748,1000
118,16.69930158789321,1000
119,16.700605639784992,1000
120,16.699928829272945,1000
121,16.699436541095928,1000
122,16.69929408833874,1000
123,16.700934049608453,1000
124,16.699271768476112,1000
125,16.69929577540843,1000
126,16.70037550063702,1000
127,16.699194770617705,1000
128,16.69982560366814,1000
129,16.69998788678367,1000
130,17.002350708649175,1000
131,17.59312537144359,1000
132,17.53466793131904,1000
133,17.658957826742213,1000
134,17.425381771343634,1000
135,17.804941711630967,1000
136,17.919264951594954,1000
137,16.89876771777999,1000
138,16.699571089633523,1000
139,16.70016082545886,1000
140,16.699852966898195,1000
141,16.699014845885102,1000
142,16.69934617374055,1000
143,16.70084057306357,1000
144,16.700374135815764,1000
145,16.699526978497282,1000
146,16.700762463268862,1000
147,16.699338415575184,1000
148,16.701024157494864,1000
149,16.698706958104292,1000
150,16.700413934089166,1000
151,19.17779732354742,1000
152,19.843529712798908,1000
153,22.202259858555646,2000
154,22.20165256129951,2000
155,22.201159001472725,2000
156,22.45369636048667,2000
157,23.20999730738926,2000
158,23.899157205479522,2000
159,23.899120816614833,2000
160,23.8993606668726,2000
161,22.205387935964133,2000
162,22.202773089402296,2000
163,22.204597288990314,2000
164,22.202119031578288,2000
165,17.62210067831642,1000
166,16.700351896258322,1000
167,16.699932337232315,1000
168,16.700763707443095,1000
169,16.70107045145983,1000
170,16.700966232011094,1000
171,16.70114809393934,1000
172,16.69951855455862,1000
173,16.700546994366846,1000
174,16.6993003348334,1000
175,19.422269994656027,1000
176,20.153726147277013,1000
177,22.201445022966933,2000
178,22.201678985958093,2000
179,22.200724490406017,2000
180,22.635920042100594,2000
181,23.147273721396044,2000
182,23.899138127877986,2000
183,23.89913198317092,2000
184,23.89933986491649,2000
185,22.323078094749263,2000
186,22.20224817718469,2000
187,22.202618117552245,2000
188,22.201997582220926,2000
189,18.310714232239594,1000
190,17.333411102583224,1000
191,16.70549189785091,1000
192,16.70073076315845,1000
193,16.699503993800157,1000
194,16.69955468841492,1000
195,16.69979933944707,1000
196,16.700713636576793,1000
197,16.699951007277743,1000
198,16.7003086184439,1000
199,20.441436790602065,1000
200,21.303666926857332,1000
201,22.20167975680913,2000
202,22.202120319800226,2000
203,22.200861129767272,2000
204,22.53259161441563,2000
205,22.849166436878452,2000
206,23.634233572821067,2000
207,23.898969733894578,2000
208,23.73850812424265,2000
209,22.20910243983646,2000
210,22.200988835928968,2000
211,22.203082689462487,2000
212,22.201483335501816,2000
213,19.270782337678444,1000
214,18.52746268930785,1000
215,18.124275785889967,1000
216,17.66981997775946,1000
217,17.36543605172504,1000
218,17.28632549824043,1000
219,17.19073525349673,1000
220,17.132408273619735,1000
221,17.040927941503924,1000
222,16.955860510029463,1000
223,21.534452277359335,2000
224,22.200862026044362,2000
225,22.20175096655225,2000
226,22.26049024521322,2000
227,23.43314759605095,2000
228,23.89863287337704,2000
229,23.8991578749112,2000
230,24.21912277263162,2000
231,24.484077839744707,2000
232,23.914255276538007,2000
233,23.339749795817053,2000
234,22.212501594096782,2000
235,22.20409008007006,2000
236,22.20108531392279,2000
237,19.04635047255706,1000
238,18.18530406572082,1000
239,17.647465671161708,1000
240,17.224273454360475,1000
241,16.99312641704921,1000
242,16.793149036512112,1000
243,16.700274374053247,1000
244,16.728994679713598,1000
245,16.699744242936305,1000
246,16.70017707221497,1000
247,21.3159451250038,1000
248,22.197524334355702,2000
249,22.203755133334536,2000
250,22.201916634649614,2000
251,22.25041934205993,2000
252,23.040666170033376,2000
253,23.773875091787335,2000
254,23.89898925029048,2000
255,24.117460640132474,2000
256,23.90867231227073,2000
257,23.444493933332367,2000
258,22.3707946530043,2000
259,22.2036697735078,2000
260,22.200728432973552,2000
261,19.541406884405273,1000
262,18.789363265073625,1000
263,18.28937296698486,1000
264,17.9452573946699,1000
265,17.88709880443951,1000
266,17.743736009615375,1000
267,17.686305512569323,1000
268,17.68814283294211,1000
269,17.63052779104423,1000
270,17.564806897178833,1000
271,17.50615375953545,1000
272,17.515824553935243,1000
273,17.70478992586533,1000
274,17.709510962466823,1000
275,17.903165600375523,1000
276,18.101558341239333,1000
277,18.25852569912178,1000
278,18.37049046031492,1000
279,18.315448443573118,1000
280,18.155158965032662,1000
281,17.895341858761157,1000
282,17.56220675351709,1000
283,17.133171793395405,1000
284,16.89911300876178,1000
285,16.70212183776111,1000
286,16.699631633598383,1000
287,16.699585872460826,1000
288,16.699154136406623,1000
289,16.69958797431969,1000
290,16.69955124541325,1000
291,16.70033848065446,1000
292,16.70052140111613,1000
293,16.700494586864277,1000
294,16.699319988345408,1000
295,16.700853117218536,1000
296,16.700325659610822,1000
297,16.70017703863275,1000
298,17.31999568694655,1000
299,18.376705799346638,1000
300,19.60542741184849,1000
301,20.476494224276625,1000
302,20.10126534801115,1000
303,20.136590879903355,1000
304,18.596812479799826,1000
305,17.81304854182781,1000
306,17.293041941377503,1000
307,17.096768552014037,1000
308,16.81957011828621,1000
309,16.70008639327277,1000
310,16.699470491838333,1000
311,16.700166726793245,1000
312,16.700334831558106,1000
313,16.70035695776551,1000
314,16.69999913262104,1000
315,16.70028369429724,1000
316,16.700411119625404,1000
317,16.699385381548876,1000
318,16.700273152063048,1000
319,21.114364148819714,1000
320,21.94269601207019,2000
321,22.203445927106817,2000
322,22.202612402261597,2000
323,22.203186849315255,2000
324,22.2021310303367,2000
325,22.200124103759606,2000
326,23.897895866212913,2000
327,23.899081499332386,2000
328,23.899139235678298,2000
329,22.460817597617954,2000
330,22.20180632119196,2000
331,22.203841837337833,2000
332,22.202561048715978,2000
333,18.597674233307735,1000
334,17.791710662210477,1000
335,17.15189614884277,1000
336,16.701203219878682,1000
337,16.700776825568894,1000
338,16.699250446106838,1000
339,16.70011739536404,1000
340,16.699719068458815,1000
341,16.70026181393058,1000
342,16.70055969010257,1000
343,20.488570796597294,1000
344,21.518913712001225,2000
345,22.202314614496146,2000
346,22.200961153159568,2000
347,22.522993773096474,2000
348,23.679614333858915,2000
349,23.899298824225678,2000
350,23.89921476543994,2000
351,23.89920439961205,2000
352,23.89919942505758,2000
353,22.75645242154402,2000
354,22.2028236853847,2000
355,22.20356895316934,2000
356,22.201613014106485,2000
357,19.309997399286477,1000
358,18.46853373288533,1000
359,17.98241535656875,1000
360,17.575399312829536,1000
361,17.25951989759159,1000
362,16.956012299864256,1000
363,16.74479323778096,1000
364,16.699882166826832,1000
365,16.699906550789244,1000
366,16.69928058539429,1000
367,21.255841424640025,1000
368,22.197151764622998,2000
369,22.201327925310025,2000
370,22.200822417305123,2000
371,22.226274174141366,2000
372,22.88965001143921,2000
373,23.89816791863719,2000
374,23.899320326520563,2000
375,23.899367944900103,2000
376,23.899277806460063,2000
377,23.103174278169732,2000
378,22.412856125082012,2000
379,22.20104607615997,2000
380,22.19999699621651,2000
381,20.08071036762601,1000
382,19.523179787269203,1000
383,19.150113070777667,1000
384,18.850890487652887,1000
385,18.65898645415188,1000
386,18.492772438955413,1000
387,18.29969165106181,1000
388,18.150510636750507,1000
389,17.967098752173644,1000
390,17.829084578866148,1000
391,22.197591529290413,2000
392,22.200365163532123,2000
393,22.200669295694144,2000
394,22.78700917996439,2000
395,23.896454502599173,2000
396,23.898923040282273,2000
397,23.89932238984576,2000
398,23.899202380087385,2000
399,23.89923871868074,2000
400,23.86917740935749,2000
401,22.95970469766786,2000
402,22.434812188074435,2000
403,22.20183355772048,2000
404,22.201439081990912,2000
405,19.98045888236295,1000
406,19.400607215383957,1000
407,19.0699697315358,1000
408,18.78882398321484,1000
409,18.57589950636532,1000
410,18.44672905518291,1000
411,18.34419032819765,1000
412,18.263360887665797,1000
413,18.18071324483431,1000
414,18.14453006192426,1000
415,22.198072440986,2000
416,22.202185445666967,2000
417,22.201590146705385,2000
418,22.31659127272246,2000
419,22.759801503461816,2000
420,22.808881691391775,2000
421,22.201599756332495,2000
422,22.201054723931307,2000
423,22.200961381233306,2000
424,22.201230279726317,2000
425,22.20184271676607,2000
426,22.20236802391222,2000
427,22.203319036492758,2000
428,22.200981469283057,2000
429,19.469204403464403,1000
430,18.81512281293647,1000
431,18.40122651503331,1000
432,18.02323146782112,1000
433,18.04388726780001,1000
434,17.924582971458037,1000
435,17.885404350073003,1000
436,17.781366266623024,1000
437,17.71739793545713,1000
438,17.65149460848899,1000
439,17.599293537606602,1000
440,17.592396676755346,1000
441,17.66192842761108,1000
442,17.89487715923648,1000
443,18.087414843443266,1000
444,18.274748891688674,1000
445,18.433754779801102,1000
446,18.58005684819196,1000
447,18.490457379563544,1000
448,18.255066081016096,1000
449,17.916092225937614,1000
450,17.674282377723117,1000
451,17.54595676276571,1000
452,17.398342698450392,1000
453,17.332622653677422,1000
454,17.251196243501916,1000
455,17.188508872750976,1000
456,17.160964515399314,1000
457,17.062248152086607,1000
458,16.997241909415376,1000
459,16.908024393714275,1000
460,16.903856131731995,1000
461,16.914898959691,1000
462,16.933880545336514,1000
463,16.959631475633,1000
464,17.03060981606356,1000
465,17.209893139250372,1000
466,17.47678114318314,1000
467,17.7249328954679,1000
468,17.950492436105357,1000
469,18.771672335691818,1000
470,21.23907651007486,1000
471,22.86553480639824,2000
472,23.038611387607872,2000
473,20.948836669769456,1000
474,19.560083081963526,1000
475,18.75746635129177,1000
476,18.23948759832087,1000
477,17.929244443477625,1000
478,17.685379749117136,1000
479,17.508936863902193,1000
480,17.33291953500809,1000
481,17.15641813227473,1000
482,17.06656728269895,1000
483,16.984041735725118,1000
484,16.933754485634193,1000
485,16.87764047725864,1000
486,16.842203705072336,1000
487,21.400360015842132,1000
488,22.200733073786015,2000
489,22.201262676419713,2000
490,22.20052627304935,2000
491,22.887888599206853,2000
492,23.586930796523614,2000
493,23.778645636918633,2000
494,23.899483008968538,2000
495,23.8993389331037,2000
496,23.637964475734112,2000
497,23.03917599122066,2000
498,22.20937165863219,2000
499,22.205322483347157,2000
500,22.202363804545268,2000
501,19.305996917578245,1000
502,18.544285025577615,1000
503,18.22348043116826,1000
504,17.97103879033756,1000
505,17.729431879976776,1000
506,17.630082461636682,1000
507,17.484403326197064,1000
508,17.383230089609206,1000
509,17.296791871490033,1000
510,17.2248021283134,1000
511,21.78451163418571,2000
512,22.201199361606967,2000
513,22.203880338725412,2000
514,22.201517835105655,2000
515,22.698987170790065,2000
516,23.478979910461433,2000
517,23.89797761896822,2000
518,23.898971321836903,2000
519,24.16655314453529,2000
520,23.920070123716663,2000
521,23.6965204327572,2000
522,22.4284536437867,2000
523,22.202072807708603,2000
524,22.202371652223746,2000
525,19.183005511315258,1000
526,18.33725724505898,1000
527,17.807868909299142,1000
528,17.42596079144039,1000
529,17.157699878539468,1000
530,16.955201606837498,1000
531,16.798532783118958,1000
532,16.700353325970706,1000
533,16.70034423652938,1000
534,16.70045672147199,1000
535,21.087387501821034,1000
536,22.0686205135435,2000
537,22.200127171036566,2000
538,22.200702984764916,2000
539,22.583325387137656,2000
540,23.454761603650265,2000
541,23.898075434330483,2000
542,23.899046102901824,2000
543,23.899247333487903,2000
544,23.898945385936432,2000
545,23.54361320708139,2000
546,22.368071363459524,2000
547,22.20401658954095,2000
548,22.20210613358501,2000
549,19.317901442043713,1000
550,18.538901512118418,1000
551,18.10666393513582,1000
552,17.757380772460497,1000
553,17.453754615480047,1000
554,17.228315427556854,1000
555,17.11147949509262,1000
556,17.041790235387417,1000
557,16.981891709043932,1000
558,16.95190060128857,1000
559,21.56171142050219,2000
560,22.200600646583272,2000
561,22.20077825892779,2000
562,22.202193895527312,2000
563,22.20048607342703,2000
564,22.20127891781723,2000
565,22.20063271409155,2000
566,22.20157636425972,2000
567,22.201116606695596,2000
568,22.20127005706657,2000
569,22.201730966678724,2000
570,22.202503871490624,2000
571,22.202034479463247,2000
572,22.200772110899265,2000
573,19.18459610515688,1000
574,18.421017177487023,1000
575,18.02721848196304,1000
576,17.85935650813688,1000
577,17.730048252880938,1000
578,17.677852725725376,1000
579,17.528640319668963,1000
580,17.404991177124746,1000
581,17.216079984194327,1000
582,17.060259758586266,1000
583,21.60507952440313,2000
584,22.201188753006196,2000
585,22.20072291668409,2000
586,22.20224360698765,2000
587,22.202222429296906,2000
588,22.20270496191053,2000
589,22.200987739151678,2000
590,22.200788436234205,2000
591,23.694494664734314,2000
592,23.608989279075892,2000
593,22.211368391778688,2000
594,22.202635526160222,2000
595,22.2047853133732,2000
596,22.202828391766047,2000
597,18.50442241527513,1000
598,17.71925006337601,1000
599,17.201591034205688,1000
600,16.820756451253494,1000
601,16.701764119468827,1000
602,16.700244896110743,1000
603,16.700350666578817,1000
604,16.699533022742106,1000
605,16.700090312757972,1000
606,16.70028526234716,1000
607,16.70039989025554,1000
608,16.69981924894975,1000
609,16.69943517642986,1000
610,16.700273715037994,1000
611,16.700255035317358,1000
612,16.699222444471122,1000
613,16.69990087094435,1000
614,17.143973096078437,1000
615,16.844751866139745,1000
616,16.814092253557604,1000
617,16.706407828141863,1000
618,16.699952083729737,1000
619,16.70002535654455,1000
620,16.70004971867924,1000
621,16.69963416826966,1000
622,16.698660991780805,1000
623,16.698730603686116,1000
624,16.700620559630895,1000
625,16.699450867786876,1000
626,16.70095925292811,1000
627,16.699726109153893,1000
628,16.699729004654998,1000
629,16.69981331915533,1000
630,16.70106672515303,1000
631,16.700287655127145,1000
632,16.70016579021451,1000
633,16.700676288917883,1000
634,16.700730540841022,1000
635,16.760791984962605,1000
636,17.645234544560186,1000
637,18.75210208275476,1000
638,19.895439688230425,1000
639,20.37389477859866,1000
640,20.455859912496358,1000
641,18.530356875153227,1000
642,16.93210741038514,1000
643,16.700629343563858,1000
644,16.70037960075704,1000
645,16.70012347364439,1000
646,16.69922227189273,1000
647,16.699549246337913,1000
648,16.70001998644888,1000
649,16.700261970958294,1000
650,16.699569020998442,1000
651,16.699008460350456,1000
652,16.699990985048792,1000
653,16.6999441174506,1000
654,16.700191068653147,1000
655,19.810200218702324,1000
656,20.516370824349355,1000
657,22.20404198321672,2000
658,22.20477199847091,2000
659,22.20529828609024,2000
660,22.203009439152133,2000
661,22.202676776618713,2000
662,22.201473800952897,2000
663,22.202885027737832,2000
664,22.20340290362326,2000
665,22.202744233092695,2000
666,22.20443252038904,2000
667,22.20503470147788,2000
668,22.20217911591511,2000
669,18.335008537616762,1000
670,17.384288000099776,1000
671,16.902816306002233,1000
672,16.700236688449433,1000
673,16.700347918058974,1000
674,16.700216100139453,1000
675,16.699973937764565,1000
676,16.70038436021721,1000
677,16.699856857801304,1000
678,16.700868670312783,1000
679,20.554498402480014,1000
680,21.446653157477733,1000
681,22.202457651200557,2000
682,22.20193040498441,2000
683,22.202770994395106,2000
684,22.201428685533454,2000
685,22.201600184004818,2000
686,22.72560839712306,2000
687,23.45283458936139,2000
688,23.32955557005153,2000
689,22.205869245975578,2000
690,22.203923900641712,2000
691,22.202650611997022,2000
692,22.200801836275268,2000
693,18.084914409345675,1000
694,17.057470640364006,1000
695,16.699999052603907,1000
696,16.699657007068236,1000
697,16.70020928242937,1000
698,16.700124177636503,1000
699,16.700100336276208,1000
700,16.699524764177323,1000
701,16.69950436807806,1000
702,16.69894157651711,1000
703,20.083023198312006,1000
704,20.986840620790836,1000
705,22.20408618673348,2000
706,22.203643141847447,2000
707,22.203898452910245,2000
708,22.202456391767807,2000
709,22.202290531516397,2000
710,22.20225867636509,2000
711,22.20167691669502,2000
712,22.202024788873846,2000
713,22.20442136858402,2000
714,22.20291945762652,2000
715,22.202452613143482,2000
716,22.20293914083055,2000
717,18.872669550002367,1000
718,18.005831757055198,1000
719,17.49605228513959,1000
720,17.21344398623179,1000
721,17.010167462755124,1000
722,16.863337202236448,1000
723,16.700204198251466,1000
724,16.700399558525877,1000
725,16.700770068353357,1000
726,16.699490898055586,1000
727,21.07552146327278,1000
728,22.080532660133226,2000
729,22.203553964158612,2000
730,22.20204841567666,2000
731,22.201895089431783,2000
732,22.200494439386077,2000
733,22.19998888057473,2000
734,22.200200211999768,2000
735,22.201630405059024,2000
736,22.20162789787551,2000
737,22.204235652794953,2000
738,22.203476283279283,2000
739,22.204900708655362,2000
740,22.202984880589053,2000
741,18.87033767930055,1000
742,18.072154590369955,1000
743,17.521269828571892,1000
744,17.08211683141572,1000
745,16.704943952549748,1000
746,16.700188089122374,1000
747,16.699553698683385,1000
748,16.69951198978152,1000
749,16.69907650189307,1000
750,16.699896768013186,1000
751,20.076974076789657,1000
752,20.77100324943739,1000
753,22.203898048168863,2000
754,22.201819142827986,2000
755,22.2016751136548,2000
756,22.678494671933606,2000
757,23.354030671517645,2000
758,23.89910228069865,2000
759,23.899204882634805,2000
760,23.89923852163429,2000
761,23.47094072756051,2000
762,22.204624832364363,2000
763,22.20342148050563,2000
764,22.204042014015396,2000
765,18.451800196776478,1000
766,17.37663569330464,1000
767,16.78968092973033,1000
768,16.70028692920502,1000
769,16.699836339270888,1000
770,16.70012250332731,1000
771,16.700720283256842,1000
772,16.700348422312985,1000
773,16.70086865919678,1000
774,16.70004899194925,1000
775,16.699831930105596,1000
776,16.700420258090617,1000
777,16.699737390769915,1000
778,16.73590697321534,1000
779,17.356460619213916,1000
780,18.21611345954519,1000
781,18.84039744797873,1000
782,18.442489662965023,1000
783,18.191250258197055,1000
784,17.91598588356881,1000
785,17.704559666368375,1000
786,17.389654872237156,1000
787,17.135192201565033,1000
788,16.97059867494689,1000
789,16.88731164075146,1000
790,16.829349206173514,1000
791,16.80944935685388,1000
792,16.773726522047287,1000
793,16.806922126939874,1000
794,16.816955179621658,1000
795,16.820619448421628,1000
796,16.803816003362304,1000
797,16.771780338587707,1000
798,16.734363562083068,1000
799,16.718950848424257,1000
800,16.831736748616308,1000
801,16.98114731983797,1000
802,17.15540352486818,1000
803,17.518605148662154,1000
804,18.4701595982463,1000
805,18.99451916520166,1000
806,19.2230604788426,1000
807,18.732159486048513,1000
808,18.74103738127754,1000
809,18.69669164331536,1000
810,18.021374817639202,1000
811,17.64047482873644,1000
812,17.531580120784604,1000
813,17.436391984741856,1000
814,17.29632810899049,1000
815,17.284439621788596,1000
816,17.267737578661297,1000
817,17.07267196388805,1000
818,16.981344184684865,1000
819,16.921753059983082,1000
820,16.944179222060168,1000
821,16.8829190462731,1000
822,16.86891212479045,1000
823,21.64251375328974,2000
824,22.200988221284764,2000
825,22.2004471430603,2000
826,22.201542441656166,2000
827,22.201657387533974,2000
828,22.202072070328896,2000
829,22.201808779361563,2000
830,22.201906363030606,2000
831,22.201761272856107,2000
832,22.201717341390665,2000
833,22.20358162873788,2000
834,22.20399059050652,2000
835,22.20327683830885,2000
836,22.20054438860198,2000
837,18.342927220480824,1000
838,17.494344319979923,1000
839,16.923933208628128,1000
840,16.700033418752337,1000
841,16.700311604564355,1000
842,16.700499658890738,1000
843,16.70074426001498,1000
844,16.700208197206038,1000
845,16.700042147638026,1000
846,16.699711428473776,1000
847,19.892549587526176,1000
848,20.675369045107757,1000
849,22.203650844212234,2000
850,22.202986003204643,2000
851,22.201968884268023,2000
852,22.200407051945298,2000
853,22.685941089879112,2000
854,23.898741512494944,2000
855,23.899068995690072,2000
856,23.89929022965162,2000
857,22.71476684592492,2000
858,22.204327160601977,2000
859,22.20413718398396,2000
860,22.20404558480138,2000
861,17.686063736356562,1000
862,16.70565151339787,1000
863,16.69951799564805,1000
864,16.70025347787369,1000
865,16.69905336477068,1000
866,16.699470718630224,1000
867,16.700762842889265,1000
868,16.698944699143606,1000
869,16.698761039409337,1000
870,16.700234399700197,1000
871,19.253619584816033,1000
872,20.134352576180117,1000
873,22.20347237142579,2000
874,22.20237501434796,2000
875,22.20054384189462,2000
876,22.405046871621092,2000
877,23.072656051895475,2000
878,23.899054983869725,2000
879,23.899080823125452,2000
880,23.899264910566618,2000
881,22.659757913491788,2000
882,22.203849550095516,2000
883,22.203874706488204,2000
884,22.203320083752185,2000
885,17.816536388331812,1000
886,16.737892429875643,1000
887,16.699642448195544,1000
888,16.69934724422647,1000
889,16.699777867088507,1000
890,16.700708172232094,1000
891,16.698712822137992,1000
892,16.6996588185695,1000
893,16.699760502386834,1000
894,16.7002133200449,1000
895,19.613214167587422,1000
896,20.341861081383193,1000
897,22.201273124847276,2000
898,22.201648112540113,2000
899,22.24207125563058,2000
900,22.988720087846563,2000
901,23.6535044465086,2000
902,23.89888704121229,2000
903,24.004404915054828,2000
904,23.906689466713207,2000
905,23.378010974854107,2000
906,22.20293321639962,2000
907,22.20565061355977,2000
908,22.201015055380836,2000
909,18.29557743564466,1000
910,17.353409058055398,1000
911,16.783986494392796,1000
912,16.699662640701984,1000
913,16.699192034939784,1000
914,16.70009253414631,1000
915,16.700826825117502,1000
916,16.700779710057187,1000
917,16.699077534769735,1000
918,16.69909415274752,1000
919,20.317388316373446,1000
920,21.22179753993238,1000
921,22.204397222160154,2000
922,22.202387284514877,2000
923,22.200760326621907,2000
924,22.418703345325987,2000
925,23.000569970363802,2000
926,23.89913110919719,2000
927,23.89908012712855,2000
928,23.899251340169947,2000
929,23.417780803111306,2000
930,22.202024212997944,2000
931,22.20420677680398,2000
932,22.200206793996927,2000
933,18.712220631750526,1000
934,17.698901371495893,1000
935,17.202552541767524,1000
936,16.855724565977134,1000
937,16.794889433631237,1000
938,16.70010546574428,1000
939,16.699636755975945,1000
940,16.724797297227642,1000
941,16.699461950755126,1000
942,16.699798383068636,1000
943,16.71232267878165,1000
944,16.89517495260615,1000
945,17.1525719989044,1000
946,17.545178752157835,1000
947,18.42122068746871,1000
948,19.397136794758907,1000
949,21.131514853410522,1000
950,22.504868834086356,2000
951,23.868023735612443,2000
952,24.480740839553416,2000
953,23.229996061472026,2000
954,21.000948140750126,1000
955,19.80457120843464,1000
956,19.106052808830295,1000
957,18.63015137909288,1000
958,18.353033173364885,1000
959,18.123501983014123,1000
960,17.990568811727535,1000
961,17.83904923275167,1000
962,17.683597973917454,1000
963,17.55113332552949,1000
964,17.413768677702368,1000
965,17.293146929366827,1000
966,17.227446587318965,1000
967,17.17306248024067,1000
968,17.272524541287293,1000
969,17.690996220162752,1000
970,18.313142970145137,1000
971,19.034922732956826,1000
972,19.880595621398037,1000
973,20.937464044527925,1000
974,22.054329637847076,2000
975,22.910263969406707,2000
976,23.002700571206333,2000
977,21.97270123274757,2000
978,20.574070044927833,1000
979,19.846509518878857,1000
980,19.27765054543909,1000
981,18.901511591324123,1000
982,18.585357114628064,1000
983,18.429530251591935,1000
984,18.308488455857283,1000
985,17.946279244755985,1000
986,17.85172265341131,1000
987,17.774676310544024,1000
988,17.692602090746092,1000
989,17.624853155624344,1000
990,17.554844630998875,1000
991,22.138197623741284,2000
992,22.201549477740155,2000
993,22.201562039407367,2000
994,22.438993387570335,2000
995,23.3034333788085,2000
996,23.886738428124286,2000
997,23.899035108755182,2000
998,23.899062993868174,2000
999,24.083061270030523,2000
1000,24.045374837129252,2000
1001,23.899026412697214,2000
1002,23.46119727778595,2000
1003,22.20173423810701,2000
1004,22.200845470637557,2000
1005,20.155199179711868,1000
1006,19.519044682107367,1000
1007,19.12436895659287,1000
1008,18.848698615396067,1000
1009,18.68426642936374,1000
1010,18.518982342371107,1000
1011,18.43945462401501,1000
1012,18.346962494193352,1000
1013,18.2150080701487,1000
1014,18.125571825273802,1000
1015,22.198864808063476,2000
1016,22.20151543079058,2000
1017,22.20072893970265,2000
1018,22.200182291191574,2000
1019,22.23852973414989,2000
1020,22.200147053820306,2000
1021,22.20091114684889,2000
1022,22.419914121817282,2000
1023,22.706466590816106,2000
1024,22.25905323959359,2000
1025,22.201759987338722,2000
1026,22.20269663908454,2000
1027,22.202145008300395,2000
1028,22.201774552432408,2000
1029,19.416501400220316,1000
1030,18.775988728761494,1000
1031,18.412910407243256,1000
1032,18.045142623618723,1000
1033,17.805337210061253,1000
1034,17.68860489219154,1000
1035,17.464583463500198,1000
1036,17.360561833109806,1000
1037,17.295295662013952,1000
1038,17.173383454852118,1000
1039,21.765849762374206,2000
1040,22.20210113421471,2000
1041,22.200708599617986,2000
1042,22.201551225052032,2000
1043,22.20075005591868,2000
1044,22.20113778920614,2000
1045,22.20034705530971,2000
1046,22.2015395541097,2000
1047,22.98843682434145,2000
1048,23.89831317432495,2000
1049,23.561351377144458,2000
1050,22.362956270936074,2000
1051,22.203597940943897,2000
1052,22.201946155371143,2000
1053,19.400060880049324,1000
1054,18.654384973933364,1000
1055,18.19200697865213,1000
1056,17.86660717322871,1000
1057,17.6012905809651,1000
1058,17.366215736570446,1000
1059,17.224483371499865,1000
1060,17.11357424279655,1000
1061,17.06449983660401,1000
1062,16.953471688082658,1000
1063,21.479506804574022,1000
1064,22.20210683694993,2000
1065,22.20097562855785,2000
1066,22.20107046984249,2000
1067,22.20203252741045,2000
1068,22.202689533252975,2000
1069,22.202307516115074,2000
1070,22.20167872041696,2000
1071,22.202271442023807,2000
1072,22.202632126356054,2000
1073,22.202028395486487,2000
1074,22.203428402671996,2000
1075,22.204486857303042,2000
1076,22.200615296237537,2000
1077,18.764953588019868,1000
1078,18.0016711608873,1000
1079,17.39511189285388,1000
1080,16.963381932802882,1000
1081,16.699765401490986,1000
1082,16.699478767437675,1000
1083,16.699212035132447,1000
1084,16.700228811452394,1000
1085,16.700762494274347,1000
1086,16.700155730506342,1000
1087,20.47521017687965,1000
1088,21.301851765385845,1000
1089,22.203042015732166,2000
1090,22.201637833019703,2000
1091,22.20155225641108,2000
1092,22.276837680126686,2000
1093,22.444121946663877,2000
1094,23.88569265484929,2000
1095,23.898816903812556,2000
1096,23.89919378047696,2000
1097,23.899437549870076,2000
1098,22.25998675962058,2000
1099,22.20301739821596,2000
1100,22.202284142948145,2000
1101,18.626135470437767,1000
1102,17.665760597320066,1000
1103,17.115566240434926,1000
1104,16.709247715099533,1000
1105,16.699661835702862,1000
1106,16.69930848780289,1000
1107,16.69988059568726,1000
1108,16.700231112459132,1000
1109,16.70067330763278,1000
1110,16.700025423683826,1000
1111,16.69983842905765,1000
1112,16.700749752202434,1000
1113,16.747317184378602,1000
1114,17.327174438203407,1000
1115,17.83663516371824,1000
1116,18.59164682589097,1000
1117,19.67946445972307,1000
1118,21.06081206352799,1000
1119,22.218590601645698,2000
1120,22.814374452448863,2000
1121,22.291690119656067,2000
1122,20.11525546494599,1000
1123,19.055816276364016,1000
1124,18.305972877999515,1000
1125,17.6273906912056,1000
1126,17.247422486480044,1000
1127,16.877085652959593,1000
1128,16.700286593125963,1000
1129,16.700402744109734,1000
1130,16.699592664552743,1000
1131,16.699401095280155,1000
1132,16.699961558810596,1000
1133,16.69929614055499,1000
1134,16.699708604499676,1000
1135,16.699381904368032,1000
1136,16.700383189504212,1000
1137,16.700288818654766,1000
1138,16.870084203265215,1000
1139,17.339971247774532,1000
1140,17.789213101165085,1000
1141,18.323648297504196,1000
1142,18.389233866081298,1000
1143,18.55003551820419,1000
1144,18.26170177335245,1000
1145,18.04775444468568,1000
1146,17.89783890166438,1000
1147,17.72214342185204,1000
1148,17.59841764816656,1000
1149,17.54780624394379,1000
1150,17.524623974963347,1000
1151,17.53281264639749,1000
1152,17.51047052883119,1000
1153,17.286567338912853,1000
1154,17.315795883094683,1000
1155,17.284353934681448,1000
1156,17.232129684115215,1000
1157,17.13791959748872,1000
1158,17.061157480300434,1000
1159,21.861645779974396,2000
1160,22.201410839929427,2000
1161,22.202043889441857,2000
1162,22.200541359520265,2000
1163,22.799613511140205,2000
1164,22.887767223314643,2000
1165,22.92813971492696,2000
1166,23.066265160684832,2000
1167,23.89873706727136,2000
1168,23.898810000960655,2000
1169,23.899106003346596,2000
1170,22.731009155869828,2000
1171,22.202689713172386,2000
1172,22.202602346479324,2000
1173,19.680700301984974,1000
1174,18.862215259566824,1000
1175,18.42180776489094,1000
1176,18.007261270679386,1000
1177,17.734829789709234,1000
1178,17.458705749407514,1000
1179,17.28098015676532,1000
1180,17.28468472888295,1000
1181,17.191466191337533,1000
1182,17.112747557297116,1000
1183,21.876403850972366,2000
1184,22.198593110786838,2000
1185,22.20081286557771,2000
1186,22.201960977674872,2000
1187,22.202267266323798,2000
1188,22.201408508520238,2000
1189,22.20310610028822,2000
1190,22.200453051098126,2000
1191,22.20217905165188,2000
1192,22.20197715519813,2000
1193,22.202119374785227,2000
1194,22.202988061049037,2000
1195,22.204031603348895,2000
1196,22.20390550812429,2000
1197,18.90368547307497,1000
1198,18.097776480102954,1000
1199,17.646196452792058,1000
1200,17.33440058668903,1000
1201,17.077890645126242,1000
1202,16.89725924348119,1000
1203,16.735702814953996,1000
1204,16.699864726248382,1000
1205,16.700134024714473,1000
1206,16.700277884518783,1000
1207,20.938226978156194,1000
1208,22.058157742027753,2000
1209,22.202073585744294,2000
1210,22.20023456108691,2000
1211,22.363871560050978,2000
1212,22.202149652569748,2000
1213,22.202677246128083,2000
1214,22.201394225411224,2000
1215,22.200487788836597,2000
1216,22.201678450743216,2000
1217,22.20290673247368,2000
1218,22.203426033737866,2000
1219,22.203712855504065,2000
1220,22.2026820818622,2000
1221,18.98095544877563,1000
1222,18.096943685853052,1000
1223,17.5805727418775,1000
1224,17.26267304849877,1000
1225,17.037896255256513,1000
1226,16.85086137920187,1000
1227,16.700271499719914,1000
1228,16.700274861892243,1000
1229,16.70029242194021,1000
1230,16.699197386014895,1000
1231,20.924340193984833,1000
1232,21.929349933829705,2000
1233,22.202624892553157,2000
1234,22.200912984954783,2000
1235,22.20069356596401,2000
1236,22.20149254605999,2000
1237,22.201061300474567,2000
1238,22.200888544869002,2000
1239,22.612023957660167,2000
1240,23.18541943694614,2000
1241,22.798074979281466,2000
1242,22.201274154233886,2000
1243,22.203117953115157,2000
1244,22.20265006601063,2000
1245,19.133983403325555,1000
1246,18.39111519014141,1000
1247,17.986333368121308,1000
1248,17.741182905738196,1000
1249,17.573603786524806,1000
1250,17.45278016483576,1000
1251,17.40623717734744,1000
1252,17.349959113556235,1000
1253,17.31370363061106,1000
1254,17.2795359861051,1000
1255,22.07173902675337,2000
1256,22.200985029235856,2000
1257,22.200695726974676,2000
1258,22.519692603345092,2000
1259,23.32030092592371,2000
1260,23.628686252499143,2000
1261,23.668574001535195,2000
1262,23.899061680384985,2000
1263,23.899108224107845,2000
1264,23.310743055598817,2000
1265,22.282007061159376,2000
1266,22.201862486365197,2000
1267,22.204087362032865,2000
1268,22.20185146959439,2000
1269,19.61687058785296,1000
1270,19.017914056763267,1000
1271,18.640526714590283,1000
1272,18.458980308675166,1000
1273,18.49186921174858,1000
1274,18.446181366738735,1000
1275,18.455303121683585,1000
1276,18.57475627898451,1000
1277,18.64594477434448,1000
1278,18.686441741418353,1000
1279,18.75598313353518,1000
1280,18.94973218934912,1000
1281,19.315898536406156,1000
1282,19.68838459296221,1000
1283,19.913611979426605,1000
1284,20.100797371936338,1000
1285,20.21073011168709,1000
1286,20.426905146096885,1000
1287,20.430126012367754,1000
1288,20.319078343268327,1000
1289,20.130742093342388,1000
1290,19.888536685920634,1000
1291,19.71358062794161,1000
1292,19.54269045868917,1000
1293,19.41433605140037,1000
1294,19.327596079883087,1000
1295,19.211583123972176,1000
1296,19.138495876712103,1000
1297,19.082099792530638,1000
1298,19.03735669318235,1000
1299,18.97915449585638,1000
1300,18.905216148503783,1000
1301,18.880576544202764,1000
1302,18.821138790233007,1000
1303,18.645577061911276,1000
1304,18.489891016466768,1000
1305,18.479939536964142,1000
1306,18.44375954524406,1000
1307,18.489248682767773,1000
1308,18.608894731868812,1000
1309,18.591502743471448,1000
1310,18.558160601563966,1000
1311,18.57540163067709,1000
1312,18.32391887195883,1000
1313,17.970066715197024,1000
1314,17.701719876144793,1000
1315,17.549580228909292,1000
1316,17.441371513486995,1000
1317,17.323020715967306,1000
1318,17.28168380249149,1000
1319,17.309548956899615,1000
1320,17.301104811163164,1000
1321,17.115826968212826,1000
1322,17.091544775297084,1000
1323,17.020357176200438,1000
1324,16.901890074128055,1000
1325,16.903811677689923,1000
1326,16.80426374786543,1000
1327,21.43434247267261,1000
1328,22.201346870371893,2000
1329,22.20023293358564,2000
1330,22.202431645806627,2000
1331,22.20150707848794,2000
1332,22.20028733603185,2000
1333,22.20143861689401,2000
1334,22.20057693585477,2000
1335,22.201076530635707,2000
1336,22.19996853830104,2000
1337,22.200457869988632,2000
1338,22.20269429522029,2000
1339,22.20143344205366,2000
1340,22.20103050551221,2000
1341,19.419241751532255,1000
1342,18.78504194325711,1000
1343,18.351648577314606,1000
1344,18.170806602650217,1000
1345,17.90266538046188,1000
1346,17.705427283751277,1000
1347,17.571189528884865,1000
1348,17.379184561749042,1000
1349,17.235662234052924,1000
1350,17.12043611798207,1000
1351,21.669400844050173,2000
1352,22.20031068780799,2000
1353,22.200728162266802,2000
1354,22.20244980805545,2000
1355,22.200624878848355,2000
1356,22.201391588891575,2000
1357,22.201375935668874,2000
1358,22.200600208272956,2000
1359,22.202136693044253,2000
1360,22.200851187986917,2000
1361,22.201412960431764,2000
1362,22.202869026301627,2000
1363,22.202725699225308,2000
1364,22.202674972568644,2000
1365,18.97788537745857,1000
1366,18.096879895231393,1000
1367,17.59398980960741,1000
1368,17.196265753386875,1000
1369,17.06933071518995,1000
1370,16.93987886268284,1000
1371,16.82841764851667,1000
1372,16.71187647411417,1000
1373,16.700286854993713,1000
1374,16.699934043892164,1000
1375,21.276419060311305,1000
1376,22.198736393924303,2000
1377,22.201842171482784,2000
1378,22.201516692916762,2000
1379,22.201178299077966,2000
1380,22.202544204482695,2000
1381,22.20219734905964,2000
1382,22.200819553070673,2000
1383,22.20104568995218,2000
1384,22.20203140563368,2000
1385,22.202514482345897,2000
1386,22.202610576489466,2000
1387,22.20213626870374,2000
1388,22.203413473876367,2000
1389,19.20188370788777,1000
1390,18.448370627035438,1000
1391,17.999754390822353,1000
1392,17.70164101018341,1000
1393,17.456970792344386,1000
1394,17.20841213580298,1000
1395,17.01169090931032,1000
1396,16.862526901070634,1000
1397,16.83581010561071,1000
1398,16.70079856291945,1000
1399,21.219105997560206,1000
1400,22.19711506258397,2000
1401,22.20157750803109,2000
1402,22.20087875267211,2000
1403,22.514066622825183,2000
1404,23.02782513115742,2000
1405,23.72117337471395,2000
1406,23.899077785159484,2000
1407,23.898979436862746,2000
1408,23.89905141954799,2000
1409,23.871526391112823,2000
1410,22.649240419230473,2000
1411,22.202966838204905,2000
1412,22.202457916113314,2000
1413,19.39013462460684,1000
1414,18.608502462317592,1000
1415,18.159316650063047,1000
1416,17.861132987879277,1000
1417,17.675997914848455,1000
1418,17.57186033869367,1000
1419,17.52737068397183,1000
1420,17.521125312068133,1000
1421,17.49731856882805,1000
1422,17.494584809010522,1000
1423,22.16287828560821,2000
1424,22.198801327169218,2000
1425,22.20021326827583,2000
1426,22.201531816612178,2000
1427,22.200605952746788,2000
1428,22.201119738329233,2000
1429,22.200105080017593,2000
1430,22.201628906991104,2000
1431,22.52915929172992,2000
1432,22.96407713209401,2000
1433,23.491280063604954,2000
1434,22.29634122208013,2000
1435,22.20286141277507,2000
1436,22.20239336110392,2000
1437,19.70888720599527,1000
1438,19.0005152358966,1000
1439,18.4890987601592,1000
1440,18.17264246579056,1000
1441,18.15656035725446,1000
1442,17.979307698895653,1000
1443,17.80551354358944,1000
1444,17.636187902348944,1000
1445,17.464605134517583,1000
1446,17.422447722044176,1000
1447,17.383385888795083,1000
1448,17.65619195984206,1000
1449,18.146930627200526,1000
1450,18.748634383454238,1000
1451,19.262828098999368,1000
1452,19.74813367643088,1000
1453,20.23012246059008,1000
1454,20.652383551896424,1000
1455,20.675359145008542,1000
1456,20.357030531518134,1000
1457,19.723022691136105,1000
1458,18.99801422299119,1000
1459,18.522026237696362,1000
1460,18.1439551546007,1000
1461,17.8747403176168,1000
1462,17.69804805732803,1000
1463,17.625102384353845,1000
1464,17.48951030644306,1000
1465,17.444549136921715,1000
1466,17.427068119642293,1000
1467,17.381326665440458,1000
1468,17.34819256793439,1000
1469,17.345540585131396,1000
1470,17.177446512152077,1000
1471,17.156150630722497,1000
1472,17.2661037242704,1000
1473,17.56230813337114,1000
1474,17.740673654594968,1000
1475,17.96631811526285,1000
1476,18.09716731273748,1000
1477,18.029847021550534,1000
1478,18.06199788461372,1000
1479,17.948132017363815,1000
1480,17.756320225808576,1000
1481,17.603801966314098,1000
1482,17.386398406816557,1000
1483,17.23990822906647,1000
1484,17.011476898895488,1000
1485,16.852875141275458,1000
1486,16.923440333473184,1000
1487,17.043583473596794,1000
1488,17.047449738955173,1000
1489,16.956990105839214,1000
1490,17.016115837862614,1000
1491,16.914224367092352,1000
1492,16.887987543402822,1000
1493,16.943938041745415,1000
1494,16.990120643230558,1000
1495,21.819442129096608,2000
1496,22.197414845336056,2000
1497,22.201355840969633,2000
1498,22.201238793818433,2000
1499,22.30546893601806,2000
1500,22.56912947058421,2000
1501,22.490396606964737,2000
1502,23.6273258854808,2000
1503,23.352749741029285,2000
1504,22.54535504376361,2000
1505,22.204785246753577,2000
1506,22.20233501765365,2000
1507,22.20300522837091,2000
1508,22.202448827717337,2000
1509,18.767996111187102,1000
1510,17.92382047088396,1000
1511,17.203631084805448,1000
1512,16.871290369870405,1000
1513,16.70068052381625,1000
1514,16.7002855948224,1000
1515,16.699832432669275,1000
1516,16.69977827869899,1000
1517,16.70051605571712,1000
1518,16.700747069703365,1000
1519,20.91962736854032,1000
1520,21.93751948939724,2000
1521,22.200071764079798,2000
1522,22.202788528411432,2000
1523,22.200481656031403,2000
1524,22.201175476006053,2000
1525,22.201730569194503,2000
1526,22.200731897206,2000
1527,22.199599895215464,2000
1528,22.202098437421096,2000
1529,22.202705217202986,2000
1530,22.20301471613192,2000
1531,22.203787218176533,2000
1532,22.203847828400573,2000
1533,18.665938005946757,1000
1534,17.87172545260633,1000
1535,17.443789849995227,1000
1536,17.207703915786578,1000
1537,17.043440119449453,1000
1538,16.93705719802322,1000
1539,16.79913025702431,1000
1540,16.85696710779065,1000
1541,16.889241792443443,1000
1542,16.802862032591467,1000
1543,21.4443752964737,1000
1544,22.201067963546567,2000
1545,22.201477213572044,2000
1546,22.200846910909004,2000
1547,22.527450201041606,2000
1548,22.82403693315361,2000
1549,22.76184865450485,2000
1550,23.890465967127437,2000
1551,23.89891452377206,2000
1552,23.899122323315925,2000
1553,23.41895184263687,2000
1554,22.27923091819426,2000
1555,22.202264544629845,2000
1556,22.202000293376717,2000
1557,19.37152044057337,1000
1558,18.58480172339587,1000
1559,18.104847912954735,1000
1560,17.81877465737366,1000
1561,17.588863472917506,1000
1562,17.48707668160267,1000
1563,17.398954714685722,1000
1564,17.433259091194948,1000
1565,17.406061554400857,1000
1566,17.319702369361266,1000
1567,22.09786347942245,2000
1568,22.19978745752387,2000
1569,22.201050817638457,2000
1570,22.200945528029536,2000
1571,22.20133507310825,2000
1572,22.200312561522377,2000
1573,22.20061719742737,2000
1574,22.39044801396006,2000
1575,22.788055601429225,2000
1576,22.807876856814936,2000
1577,22.206454284381557,2000
1578,22.20152247102525,2000
1579,22.201058948384535,2000
1580,22.1991262667756,2000
1581,19.944885614246747,1000
1582,19.38158755631569,1000
1583,18.99870566511882,1000
1584,18.763543802949783,1000
1585,18.603476154003367,1000
1586,18.391575775337184,1000
1587,18.253660236891495,1000
1588,18.0816214035323,1000
1589,17.904679051996872,1000
1590,17.748195103774524,1000
1591,22.19743239167133,2000
1592,22.20291675468498,2000
1593,22.20077725398405,2000
1594,22.65917019476371,2000
1595,23.37856047409585,2000
1596,23.877499064187614,2000
1597,23.894936882784233,2000
1598,23.898914727029577,2000
1599,23.90682334107913,2000
1600,24.101901158570556,2000
1601,23.89920911201064,2000
1602,23.826095575478554,2000
1603,22.202134402472304,2000
1604,22.203181288991075,2000
1605,20.262413203671695,1000
1606,19.469438828312075,1000
1607,18.97920613012293,1000
1608,18.606721255409454,1000
1609,18.494121909160796,1000
1610,18.294281548545612,1000
1611,18.155353074311677,1000
1612,18.014655554020404,1000
1613,17.88140688109764,1000
1614,17.750062482656194,1000
1615,17.784430224141705,1000
1616,18.076893660602273,1000
1617,18.539080198845138,1000
1618,19.13381234904063,1000
1619,19.824842524425573,1000
1620,20.421951012143733,1000
1621,21.29854106418111,1000
1622,22.45427473785633,2000
1623,23.606837107188888,2000
1624,24.32525457644377,2000
1625,23.9240822266678,2000
1626,22.394229617135146,2000
1627,20.95473086883986,1000
1628,20.14172730785345,1000
1629,19.665452314298236,1000
1630,19.21703009881576,1000
1631,18.838772401537415,1000
1632,18.56957676917998,1000
1633,18.340567102636957,1000
1634,18.186513588793762,1000
1635,18.123988615216987,1000
1636,18.01848626886415,1000
1637,17.90761889580832,1000
1638,17.862750750411756,1000
1639,17.959798344485336,1000
1640,18.24607608366876,1000
1641,18.88783281019324,1000
1642,19.729550199823564,1000
1643,20.632035153482914,1000
1644,21.427026283708493,1000
1645,22.257700780609046,2000
1646,23.12683485120844,2000
1647,23.49227690656162,2000
1648,23.339305420481324,2000
1649,22.348010501395272,2000
1650,21.522829261592026,2000
1651,20.801906672428615,1000
1652,20.31278731798462,1000
1653,19.995486727617152,1000
1654,19.760368993917382,1000
1655,19.58779580305126,1000
1656,19.44134734213059,1000
1657,19.143425956958367,1000
1658,18.97042136071767,1000
1659,18.843689958317775,1000
1660,18.69693012638408,1000
1661,18.603806773316634,1000
1662,18.49358590151254,1000
1663,22.198845609996404,2000
1664,22.19746568280483,2000
1665,22.20037225127315,2000
1666,22.54942362751043,2000
1667,23.074552242167023,2000
1668,23.12492906861163,2000
1669,22.885824208520763,2000
1670,23.407294622672598,2000
1671,23.57734500773965,2000
1672,23.422977423183408,2000
1673,22.816848349782717,2000
1674,22.48559506027407,2000
1675,22.202397291785076,2000
1676,22.205275490095104,2000
1677,19.67405566555759,1000
1678,18.903412988591175,1000
1679,18.519881157777377,1000
1680,18.110948260408435,1000
1681,17.822641799389487,1000
1682,17.522042776705117,1000
1683,17.406540010637837,1000
1684,17.204345156790897,1000
1685,17.176777549363898,1000
1686,17.132206589172963,1000
1687,21.733437306735407,2000
1688,22.198740886917445,2000
1689,22.201090537671618,2000
1690,22.435804014978974,2000
1691,23.0018923333203,2000
1692,23.324587510231467,2000
1693,23.350307935931998,2000
1694,23.89905409850693,2000
1695,23.898980498367177,2000
1696,23.899044482835983,2000
1697,23.874332170237885,2000
1698,23.142776767721095,2000
1699,22.20206078846692,2000
1700,22.20130242543986,2000
1701,19.86668376707472,1000
1702,19.105880186704493,1000
1703,18.633157338727244,1000
1704,18.303759008038572,1000
1705,18.064573359872835,1000
1706,17.890400664258642,1000
1707,17.743121067010797,1000
1708,17.653787781741045,1000
1709,17.54421393461775,1000
1710,17.43098032042314,1000
1711,22.084715568291216,2000
1712,22.199569246019877,2000
1713,22.20091626467744,2000
1714,22.202378019496276,2000
1715,22.200306938327895,2000
1716,22.201661183718933,2000
1717,22.2012628053146,2000
1718,22.200192509866874,2000
1719,22.26225204089804,2000
1720,22.22636073009704,2000
1721,22.20068799239223,2000
1722,22.201250716654844,2000
1723,22.20176938611571,2000
1724,22.201681480946327,2000
1725,19.547970535115756,1000
1726,18.87127606764328,1000
1727,18.416653093461353,1000
1728,18.055695846914222,1000
1729,17.79522264502736,1000
1730,17.589866360441015,1000
1731,17.424031681908076,1000
1732,17.273436923148417,1000
1733,17.130926897754474,1000
1734,17.02577078415756,1000
1735,21.788304114272982,2000
1736,22.201594636775656,2000
1737,22.200963057842557,2000
1738,22.423198715201018,2000
1739,23.109827394658485,2000
1740,23.488545634685387,2000
1741,23.344449258132236,2000
1742,23.898681051919933,2000
1743,23.898765542100847,2000
1744,23.898800786722347,2000
1745,23.898993998340703,2000
1746,23.581979144264203,2000
1747,22.202967574077583,2000
1748,22.200089179706683,2000
1749,19.937766871463612,1000
1750,19.128981868968356,1000
1751,18.63349773564068,1000
1752,18.27079175461278,1000
1753,17.956361129217072,1000
1754,17.652056152421537,1000
1755,17.458736345351095,1000
1756,17.324061796848373,1000
1757,17.206216855843433,1000
1758,17.11421234124983,1000
1759,22.036279996369366,2000
1760,22.20042265692962,2000
1761,22.200888236913386,2000
1762,22.728290265986672,2000
1763,23.438834458494938,2000
1764,23.714057697088304,2000
1765,23.882286247559243,2000
1766,23.898887133898292,2000
1767,23.946782633409335,2000
1768,24.28404181593805,2000
1769,23.931465372204887,2000
1770,23.899320286603523,2000
1771,22.203791942930795,2000
1772,22.201504483587183,2000
1773,20.130209994507148,1000
1774,19.336173869255365,1000
1775,18.842815579382854,1000
1776,18.5157167319117,1000
1777,18.448428347015696,1000
1778,18.23764307568775,1000
1779,18.08131375571821,1000
1780,17.970982448150117,1000
1781,17.852603602850547,1000
1782,17.777094986825375,1000
1783,17.863680848870402,1000
1784,18.119457256672582,1000
1785,18.480075594267173,1000
1786,19.01524095364846,1000
1787,19.4848118628323,1000
1788,19.817127551822587,1000
1789,20.390924362093994,1000
1790,20.8016378633059,1000
1791,20.67312533011252,1000
1792,20.833574364396153,1000
1793,20.78450354343205,1000
1794,20.01265969937405,1000
1795,19.34891137712629,1000
1796,18.921407475379684,1000
1797,18.5622477674906,1000
1798,18.252923139442117,1000
1799,17.98346366404596,1000
1800,17.82765539442494,1000
1801,17.724841480735993,1000
1802,17.643904582184447,1000
1803,17.5617514554796,1000
1804,17.497920243377948,1000
1805,17.450309989372926,1000
1806,17.348324281706876,1000
1807,17.4513569629472,1000
1808,17.808321699862937,1000
1809,18.15567703870475,1000
1810,18.430541785696356,1000
1811,18.68073851040542,1000
1812,18.84492446839382,1000
1813,19.165953169010063,1000
1814,19.779891723414384,1000
1815,20.912456889239884,1000
1816,21.6226506089037,2000
1817,21.562122367964488,2000
1818,20.095510437237007,1000
1819,18.90328387605688,1000
1820,18.23657917805629,1000
1821,17.830406679234642,1000
1822,17.535312416586013,1000
1823,17.364042834908314,1000
1824,17.168896959902998,1000
1825,16.862612533876458,1000
1826,16.77777004629409,1000
1827,16.699365613835205,1000
1828,16.699793808703173,1000
1829,16.700340873007868,1000
1830,16.70046202278049,1000
1831,21.422235505421607,1000
1832,22.19899140125963,2000
1833,22.200879718559356,2000
1834,22.321435582082493,2000
1835,23.077051251930243,2000
1836,23.344171199196207,2000
1837,23.386435355892445,2000
1838,23.89903122260624,2000
1839,23.89897078223023,2000
1840,23.89901543969992,2000
1841,23.899088124415876,2000
1842,23.24032402755557,2000
1843,22.202637355674618,2000
1844,22.202377374050833,2000
1845,19.824010559754957,1000
1846,19.10212622243608,1000
1847,18.707642371240315,1000
1848,18.37968871683689,1000
1849,18.149818642859408,1000
1850,17.99159284810457,1000
1851,17.791300667700746,1000
1852,17.719565569699657,1000
1853,17.727515219220283,1000
1854,17.719728471046274,1000
1855,22.19430710066124,2000
1856,22.198467612037863,2000
1857,22.201081888770204,2000
1858,22.969550127118467,2000
1859,23.869102711971777,2000
1860,23.89923188616837,2000
1861,23.89933590265573,2000
1862,23.899158007766854,2000
1863,24.2034693818557,2000
1864,24.386746202329498,2000
1865,23.914462696677084,2000
1866,23.899053852034967,2000
1867,22.57798187512428,2000
1868,22.20058387024863,2000
1869,20.757686325304658,1000
1870,20.013582498322343,1000
1871,19.48137482096861,1000
1872,19.006513716042416,1000
1873,18.743637400426064,1000
1874,18.48363172983095,1000
1875,18.26160045436378,1000
1876,18.004239997458296,1000
1877,17.835487040840803,1000
1878,17.685269821051453,1000
1879,22.197035010048253,2000
1880,22.199081495046677,2000
1881,22.200596508914217,2000
1882,22.62624617800678,2000
1883,23.15981488831261,2000
1884,23.36026362424126,2000
1885,23.042291452226504,2000
1886,23.898394141137864,2000
1887,23.89891171224396,2000
1888,23.89899338260256,2000
1889,23.899232627152365,2000
1890,22.795546173188484,2000
1891,22.201882079388607,2000
1892,22.20103659241471,2000
1893,19.25990755673424,1000
1894,18.48314663792644,1000
1895,18.077755189463836,1000
1896,17.732643993161076,1000
1897,17.47646990925701,1000
1898,17.27355689855176,1000
1899,17.12465444289499,1000
1900,17.106431564754363,1000
1901,17.03324674994355,1000
1902,16.923981144378626,1000
1903,21.746264263347733,2000
1904,22.198451947251556,2000
1905,22.201428359853104,2000
1906,22.43158639684937,2000
1907,23.11515710436428,2000
1908,23.420738737309087,2000
1909,23.479607123851977,2000
1910,23.899033767110428,2000
1911,23.899031035533902,2000
1912,23.899173895343147,2000
1913,23.794888586578427,2000
1914,22.759701771537962,2000
1915,22.203117385111433,2000
1916,22.203004373580505,2000
1917,19.696146385537496,1000
1918,18.9286817120488,1000
1919,18.478524997391148,1000
1920,18.174983711882984,1000
1921,17.983692422463314,1000
1922,17.74815060203014,1000
1923,17.586761128133126,1000
1924,17.37016034391422,1000
1925,17.209246727671026,1000
1926,17.0951789776744,1000
1927,22.009824576957115,2000
1928,22.198072009484456,2000
1929,22.200925438674386,2000
1930,22.67476873299392,2000
1931,23.303051995207085,2000
1932,23.326701653803298,2000
1933,22.98116636734601,2000
1934,23.453642484984083,2000
1935,23.338994353345655,2000
1936,23.074673693954605,2000
1937,22.441889124888462,2000
1938,22.20096849403671,2000
1939,22.203465519959977,2000
1940,22.202823075290866,2000
1941,20.056258669378124,1000
1942,19.495833879180886,1000
1943,19.173661500992253,1000
1944,18.883215023489473,1000
1945,18.839471483279695,1000
1946,18.731345397965722,1000
1947,18.5711805074231,1000
1948,18.496577910973077,1000
1949,18.408844624905207,1000
1950,18.32090602678174,1000
1951,18.298741934732004,1000
1952,18.392704661611173,1000
1953,18.5960475495996,1000
1954,18.924762775810645,1000
1955,19.10265910054846,1000
1956,19.26119768420381,1000
1957,19.410736627709525,1000
1958,19.501811477662113,1000
1959,19.537363156099286,1000
1960,19.644738110286383,1000
1961,19.50703850003858,1000
1962,19.272698185301063,1000
1963,19.063234232502715,1000
1964,18.96277664167494,1000
1965,18.748535228591518,1000
1966,18.61855359205961,1000
1967,18.499189315611268,1000
1968,18.401856347586328,1000
1969,18.368867756952934,1000
1970,18.329526914839043,1000
1971,18.29177238932666,1000
1972,18.254707809177184,1000
1973,18.25550247479693,1000
1974,18.23391949272979,1000
1975,18.335987419521633,1000
1976,18.350780722513328,1000
1977,18.595254383587836,1000
1978,18.903447429492424,1000
1979,18.95355976150543,1000
1980,19.15082417798171,1000
1981,19.330139720407242,1000
1982,19.229296025404555,1000
1983,19.08168970986708,1000
1984,19.03585883163324,1000
1985,18.837270254847972,1000
1986,18.575218131255383,1000
1987,18.2380210969191,1000
1988,18.062743079385275,1000
1989,17.94282270438457,1000
1990,17.830208133950975,1000
1991,17.767789577400848,1000
1992,17.692497943698722,1000
1993,17.469861818212994,1000
1994,17.376307517970616,1000
1995,17.324050231622525,1000
1996,17.307635254282406,1000
1997,17.324708510878825,1000
1998,17.322103253649455,1000
1999,22.134745074215644,2000
2000,22.20097803533005,2000
2001,22.200814248898578,2000
2002,22.263653671360743,2000
2003,22.752457299044842,2000
2004,23.127679034594273,2000
2005,22.872394068337137,2000
2006,23.504904560346983,2000
2007,23.64747310215825,2000
2008,23.4415395363408,2000
2009,23.030053265902424,2000
2010,23.023931582660232,2000
2011,22.203028403853168,2000
2012,22.201507502732,2000
2013,19.854702022668867,1000
2014,19.085514319125974,1000
2015,18.65854267872297,1000
2016,18.293497630977274,1000
2017,18.07911599453675,1000
2018,17.858656761271977,1000
2019,17.649735267523873,1000
2020,17.5502324195062,1000
2021,17.470655558770588,1000
2022,17.399584969095184,1000
2023,22.19195554985811,2000
2024,22.19845908457138,2000
2025,22.200233938641823,2000
2026,22.977233497620567,2000
2027,23.865978463801362,2000
2028,23.899195302408547,2000
2029,23.899436180028594,2000
2030,23.89933124385454,2000
2031,23.89922297614527,2000
2032,23.89906212438373,2000
2033,23.899059824855186,2000
2034,23.899105971781843,2000
2035,22.493036994919866,2000
2036,22.19992268811269,2000
2037,21.224865865751617,1000
2038,20.61749796067155,1000
2039,20.223897829882738,1000
2040,20.05193898641598,1000
2041,19.79805716203076,1000
2042,19.603203820808382,1000
2043,19.540979164098356,1000
2044,19.486571855685515,1000
2045,19.478293814823708,1000
2046,19.37462648666048,1000
2047,22.199547520795242,2000
2048,22.198834296725085,2000
2049,22.19975927023923,2000
2050,23.016744173402028,2000
2051,23.686693288060077,2000
2052,23.89901497990407,2000
2053,23.899079195053098,2000
2054,23.899232359391227,2000
2055,23.89913569532566,2000
2056,23.899095217323797,2000
2057,23.89891315305423,2000
2058,23.898849509730365,2000
2059,22.512643152243623,2000
2060,22.202441854897934,2000
2061,21.297907467465333,1000
2062,20.674438385389188,1000
2063,20.228043649120206,1000
2064,19.99009098180527,1000
2065,19.84627115585121,1000
2066,19.679655959674147,1000
2067,19.644549252975985,1000
2068,19.219196348264227,1000
2069,18.97178580759336,1000
2070,18.74805489745145,1000
2071,22.202358530782643,2000
2072,22.20003984734815,2000
2073,22.20220339782749,2000
2074,22.457807470161434,2000
2075,22.932284373096792,2000
2076,22.954485073347062,2000
2077,22.468279613356387,2000
2078,22.77905741328717,2000
2079,22.807164577409303,2000
2080,22.827925742873653,2000
2081,22.385285342667004,2000
2082,22.216914215405215,2000
2083,22.20302194836704,2000
2084,22.201707356019874,2000
2085,20.203861544052337,1000
2086,19.681286869488325,1000
2087,19.369189285960225,1000
2088,19.18865719812797,1000
2089,19.092628672733127,1000
2090,18.969985697007974,1000
2091,18.856081727125883,1000
2092,18.72114146492064,1000
2093,18.633121974978103,1000
2094,18.518312159512323,1000
2095,22.204457848661413,2000
2096,22.200379965502243,2000
2097,22.200364935927283,2000
2098,22.951331680174903,2000
2099,23.649755657008654,2000
2100,23.894287306211922,2000
2101,23.70630343406753,2000
2102,23.898984257321814,2000
2103,23.899261048274475,2000
2104,23.43618185277354,2000
2105,22.67172536400375,2000
2106,22.262526592155037,2000
2107,22.201537250446524,2000
2108,22.20276741693841,2000
2109,19.72115434971175,1000
2110,18.96118641222892,1000
2111,18.529374902363845,1000
2112,18.153895424155017,1000
2113,18.136125090407564,1000
2114,17.992978791955387,1000
2115,17.858231199015307,1000
2116,17.675682667076764,1000
2117,17.57464750719516,1000
2118,17.55520142852304,1000
2119,17.62434475145871,1000
2120,17.857170941478696,1000
2121,18.102102240555652,1000
2122,18.330515174503446,1000
2123,18.56042148048729,1000
2124,18.801821898524466,1000
2125,18.883265725981015,1000
2126,18.944747399038313,1000
2127,18.89390647303582,1000
2128,18.716555867305363,1000
2129,18.615633926837063,1000
2130,18.485829687371496,1000
2131,18.18742538427954,1000
2132,17.967361845265586,1000
2133,17.817538102996085,1000
2134,17.756968889995854,1000
2135,17.688468557723386,1000
2136,17.627851645654076,1000
2137,17.548015777274674,1000
2138,17.47611583494605,1000
2139,17.429564621837514,1000
2140,17.366304737825928,1000
2141,17.417222726669365,1000
2142,17.45319353543405,1000
2143,17.616449346465135,1000
2144,17.874995133926408,1000
2145,18.180886488211133,1000
2146,18.621809050952596,1000
2147,18.980935713594093,1000
2148,19.307096733579158,1000
2149,19.233591820421633,1000
2150,19.111051913915027,1000
2151,19.03139014431781,1000
2152,18.754115146635762,1000
2153,18.320754770753886,1000
2154,18.010659274886223,1000
2155,17.687056358229505,1000
2156,17.560494663510422,1000
2157,17.40204303193066,1000
2158,17.31313217153299,1000
2159,17.25634631621537,1000
2160,17.222394743903113,1000
2161,17.351716708478243,1000
2162,17.3614478438907,1000
2163,17.354383731305415,1000
2164,17.33502359646407,1000
2165,17.302331048525655,1000
2166,17.308519728579814,1000
2167,22.1349935973306,2000
2168,22.201314458725243,2000
2169,22.20061132918378,2000
2170,22.578847002329432,2000
2171,22.901542360080683,2000
2172,22.723273538338113,2000
2173,22.200520430386362,2000
2174,22.311874601632123,2000
2175,22.208660805844744,2000
2176,22.201229052101414,2000
2177,22.202747321206687,2000
2178,22.20296616034665,2000
2179,22.202359699412412,2000
2180,22.20167076709867,2000
2181,19.647590492563296,1000
2182,19.021882146831402,1000
2183,18.673405176389554,1000
2184,18.451136778784644,1000
2185,18.29115991682887,1000
2186,18.178658101349765,1000
2187,18.094021958171272,1000
2188,18.02660851447528,1000
2189,18.00107877034524,1000
2190,18.018027629830268,1000
2191,22.200020741889862,2000
2192,22.20103411439539,2000
2193,22.19990108474647,2000
2194,22.367099477100584,2000
2195,22.769312061411245,2000
2196,22.62564684410108,2000
2197,22.262067087476854,2000
2198,22.625149094878793,2000
2199,22.69125265137913,2000
2200,22.37115789869005,2000
2201,22.201252860084285,2000
2202,22.202311147765027,2000
2203,22.202447283435337,2000
2204,22.202671058074454,2000
2205,19.83167487446635,1000
2206,19.16439869413599,1000
2207,18.800987949191516,1000
2208,18.528798691480322,1000
2209,18.273767417422647,1000
2210,18.089035642738335,1000
2211,17.934297540481353,1000
2212,17.812744990231565,1000
2213,17.720592356216695,1000
2214,17.70303560586229,1000
2215,22.19756336304004,2000
2216,22.19964510029879,2000
2217,22.20126984027171,2000
2218,22.20004407984962,2000
2219,22.25877765217973,2000
2220,22.232540624466022,2000
2221,22.201156645100376,2000
2222,22.980609127366918,2000
2223,23.886263983231174,2000
2224,23.898459883834366,2000
2225,23.898745992211285,2000
2226,23.268941252096006,2000
2227,22.20248389033496,2000
2228,22.20152710425623,2000
2229,19.96810468590072,1000
2230,19.22818489218558,1000
2231,18.76817198785283,1000
2232,18.464656474370283,1000
2233,18.236623733761334,1000
2234,18.060636583402374,1000
2235,17.91679077467096,1000
2236,17.783604042183054,1000
2237,17.682092361357473,1000
2238,17.66525168669144,1000
2239,22.198594339943508,2000
2240,22.202653404279427,2000
2241,22.200843006426844,2000
2242,22.365747813679768,2000
2243,22.485469876378932,2000
2244,22.261550884035756,2000
2245,22.200721566913174,2000
2246,22.20009837320829,2000
2247,22.20125579614452,2000
2248,22.20141962141132,2000
2249,22.201106077898345,2000
2250,22.201911102984887,2000
2251,22.20246205280126,2000
2252,22.203164351262775,2000
2253,19.625381129052805,1000
2254,18.912985870134527,1000
2255,18.517013161222167,1000
2256,18.148401656415082,1000
2257,17.90435189593781,1000
2258,17.683679132556914,1000
2259,17.534125422537866,1000
2260,17.452986678826594,1000
2261,17.346539237030125,1000
2262,17.326390105263815,1000
2263,22.11682195819448,2000
2264,22.201049801914913,2000
2265,22.201240174797153,2000
2266,22.401085751219732,2000
2267,22.704880189436125,2000
2268,22.67118203605976,2000
2269,22.24757057927522,2000
2270,22.466868665174037,2000
2271,22.50447905067215,2000
2272,22.53078311972986,2000
2273,22.19979946908426,2000
2274,22.26966690620896,2000
2275,22.202975455001187,2000
2276,22.203558411706247,2000
2277,19.746012717515494,1000
2278,19.04987586398483,1000
2279,18.64021670833629,1000
2280,18.311603119058333,1000
2281,18.252671441601954,1000
2282,18.100299310355542,1000
2283,17.976532097644213,1000
2284,17.87349985481384,1000
2285,17.773332654888378,1000
2286,17.760046464423283,1000
2287,18.091348673175588,1000
2288,18.60715874051866,1000
2289,19.176838673190186,1000
2290,19.765257179156407,1000
2291,20.347973071126066,1000
2292,20.782899828501932,1000
2293,21.153887967805034,1000
2294,21.681645982937262,2000
2295,22.51475961847134,2000
2296,23.05474850042936,2000
2297,22.954428275914786,2000
2298,22.134784343673182,2000
2299,20.55139289799316,1000
2300,19.73630998798595,1000
2301,19.249804766280842,1000
2302,18.966870118256242,1000
2303,18.799132386198742,1000
2304,18.640677929670733,1000
2305,18.5347003039472,1000
2306,18.46076704940655,1000
2307,18.39982365010894,1000
2308,18.344718724010782,1000
2309,18.293274737106955,1000
2310,18.30410308165851,1000
2311,18.363471475344245,1000
2312,18.25945066742868,1000
2313,18.122318270859157,1000
2314,18.127854040992347,1000
2315,18.183643219602107,1000
2316,18.30443786371201,1000
2317,18.679147643622837,1000
2318,18.89448150833891,1000
2319,19.03186526056425,1000
2320,19.12657910959114,1000
2321,19.096629852154273,1000
2322,19.074811501717267,1000
2323,19.00264586568788,1000
2324,18.984475385254417,1000
2325,18.988900329496,1000
2326,18.99338576120661,1000
2327,19.014581429018236,1000
2328,19.034511604200304,1000
2329,18.855937693684734,1000
2330,18.810785627518023,1000
2331,18.791392300324507,1000
2332,18.777347816290124,1000
2333,18.754351379732476,1000
2334,18.755691191420638,1000
2335,22.196076707632365,2000
2336,22.195740685259604,2000
2337,22.19943949017343,2000
2338,22.247053245129297,2000
2339,22.433001343800143,2000
2340,22.32800237239181,2000
2341,22.200211199245082,2000
2342,22.33842914238564,2000
2343,22.772065339429307,2000
2344,22.7226422279014,2000
2345,22.29567260078055,2000
2346,22.253614601592698,2000
2347,22.202969553140495,2000
2348,22.203234376936763,2000
2349,20.160885769150294,1000
2350,19.569252764516328,1000
2351,19.417946167300887,1000
2352,19.05290431608012,1000
2353,18.99230795503573,1000
2354,18.933614194307616,1000
2355,18.845379071303288,1000
2356,18.776259165909106,1000
2357,18.701997315486697,1000
2358,18.704463759786382,1000
2359,22.206374523078434,2000
2360,22.200099775513138,2000
2361,22.20138561952214,2000
2362,22.20059217028212,2000
2363,22.39560945831803,2000
2364,22.46247183343016,2000
2365,22.55666601904439,2000
2366,23.753787670611963,2000
2367,23.89869990957323,2000
2368,23.898356197417364,2000
2369,23.898241172518308,2000
2370,23.898572610781677,2000
2371,22.201367760493874,2000
2372,22.201242120665793,2000
2373,20.253281817585354,1000
2374,19.552148391532302,1000
2375,19.11792125654022,1000
2376,18.79913122407455,1000
2377,18.56054397192679,1000
2378,18.398542678042027,1000
2379,18.257742456596638,1000
2380,18.14603448507002,1000
2381,18.057903210592286,1000
2382,18.083033862261708,1000
2383,22.198894601828712,2000
2384,22.198917904982544,2000
2385,22.199988298873905,2000
2386,23.382082721472603,2000
2387,23.898943766106356,2000
2388,23.89845767815155,2000
2389,23.898623738764304,2000
2390,23.898294833630153,2000
2391,23.898228266933874,2000
2392,23.898267735474814,2000
2393,23.89834906318505,2000
2394,23.898493248989528,2000
2395,22.629327702733725,2000
2396,22.201079732111243,2000
2397,21.14783286809293,1000
2398,20.467071920538636,1000
2399,20.09138800719324,1000
2400,19.84775011418621,1000
2401,19.685767609477193,1000
2402,19.575024388152556,1000
2403,19.44958468047847,1000
2404,19.36692418825161,1000
2405,19.308330553408982,1000
2406,19.300159243142698,1000
2407,22.199471164368013,2000
2408,22.20084977955744,2000
2409,22.582121835314585,2000
2410,23.898130429827706,2000
2411,23.898344252302124,2000
2412,23.898560142173753,2000
2413,23.898922222949647,2000
2414,23.89870211085268,2000
2415,23.89835989898651,2000
2416,23.898412526206076,2000
2417,23.898218089788408,2000
2418,23.898226362183905,2000
2419,23.231027504416943,2000
2420,22.19983698027467,2000
2421,22.04396074511376,2000
2422,21.49499395100669,1000
2423,21.120895262709844,1000
2424,20.847690141084662,1000
2425,20.666623199751335,1000
2426,20.56930470058924,1000
2427,20.465421570645344,1000
2428,20.32406575333962,1000
2429,20.223140647608894,1000
2430,20.178207087955485,1000
2431,22.198258830937732,2000
2432,22.198216266089354,2000
2433,22.365182278661297,2000
2434,23.468728494345907,2000
2435,23.884146274489908,2000
2436,23.848663839139014,2000
2437,23.252542062835346,2000
2438,23.48201407876156,2000
2439,23.515678866218455,2000
2440,23.283386536961203,2000
2441,22.72749631823191,2000
2442,22.417551276493136,2000
2443,22.203962347133682,2000
2444,22.202871933448087,2000
2445,20.433607836964498,1000
2446,19.89098688155096,1000
2447,19.61274914240575,1000
2448,19.39344880105159,1000
2449,19.367805796073792,1000
2450,19.259983402579376,1000
2451,19.170216635440703,1000
2452,19.046865653751006,1000
2453,18.99341917788097,1000
2454,19.065096632936292,1000
2455,19.41500301605121,1000
2456,19.927995050588226,1000
2457,20.544381973808818,1000
2458,21.295823287073823,1000
2459,21.87897181537776,2000
2460,22.526309669618872,2000
2461,22.912969506953814,2000
2462,23.30159966973244,2000
2463,23.725321728687696,2000
2464,23.839825873676688,2000
2465,23.32011177832881,2000
2466,22.354032318360005,2000
2467,21.42665178210671,1000
2468,20.77403896783684,1000
2469,20.33303358846984,1000
2470,20.046721098659734,1000
2471,19.823405241462897,1000
2472,19.62813697683364,1000
2473,19.45830126604394,1000
2474,19.288604600239562,1000
2475,19.198227678354606,1000
2476,19.15711367936805,1000
2477,19.10922842756183,1000
2478,19.095235764783858,1000
2479,19.551473619076752,1000
2480,20.213347071245764,1000
2481,21.083596826691178,1000
2482,21.944488168939568,2000
2483,22.752719911823284,2000
2484,23.43048333453389,2000
2485,23.916747904527405,2000
2486,24.321016583597462,2000
2487,24.79987850570531,2000
2488,25.052912565255856,2000
2489,24.980213323721053,2000
2490,24.245129969052506,2000
2491,23.32274750894082,2000
2492,22.751837302132323,2000
2493,22.31564858854118,2000
2494,21.98542407970965,2000
2495,21.723888044868655,2000
2496,21.542092795084073,2000
2497,21.101267186163586,1000
2498,20.87775653086497,1000
2499,20.665711236096048,1000
2500,20.485814269124063,1000
2501,20.30792114127672,1000
2502,20.319024356197158,1000
2503,22.199788161899193,2000
2504,22.19991662029347,2000
2505,23.39844100311479,2000
2506,23.898241795055654,2000
2507,23.898029694827528,2000
2508,23.898453817914284,2000
2509,23.899117586058924,2000
2510,23.89866456501056,2000
2511,23.898276969090567,2000
2512,23.89826628618952,2000
2513,23.898427405148308,2000
2514,23.898586885755613,2000
2515,23.82894076947054,2000
2516,22.500667900375685,2000
2517,22.98494926978478,2000
2518,22.478443877963755,2000
2519,22.130560868926963,2000
2520,21.853268237587827,2000
2521,21.62461739216575,2000
2522,21.395504745435765,1000
2523,21.195802353289633,1000
2524,21.053642693184486,1000
2525,20.928761964070723,1000
2526,20.86591621685823,1000
2527,22.200706016604016,2000
2528,22.20008631611497,2000
2529,23.60807867736569,2000
2530,23.898130508148373,2000
2531,23.89803006821243,2000
2532,23.89848855833557,2000
2533,23.8991387271855,2000
2534,23.89867972594877,2000
2535,23.898313818456458,2000
2536,23.89842184564836,2000
2537,23.898566723238137,2000
2538,23.898539122790673,2000
2539,23.572269118157653,2000
2540,22.30762086796339,2000
2541,22.783924602960163,2000
2542,22.351359334505002,2000
2543,22.06728637892885,2000
2544,21.776877225442895,2000
2545,21.542001644303976,2000
2546,21.37660297850952,1000
2547,21.26543690527487,1000
2548,20.948947045269634,1000
2549,20.767328585733136,1000
2550,20.735480277704475,1000
2551,22.20109005179971,2000
2552,22.200197522948663,2000
2553,23.41200560240142,2000
2554,23.89821047944244,2000
2555,23.897991450467746,2000
2556,23.898436388023434,2000
2557,23.899131068923005,2000
2558,23.898662077795436,2000
2559,23.89825843958569,2000
2560,23.898253630064865,2000
2561,23.898409364831014,2000
2562,23.89818923457932,2000
2563,23.780329293495097,2000
2564,22.32036780531747,2000
2565,22.670222390398546,2000
2566,22.068717186646207,2000
2567,21.682322292978526,2000
2568,21.333228230328615,1000
2569,21.048823219671423,1000
2570,20.80770055967715,1000
2571,20.783474301260043,1000
2572,20.737254647402096,1000
2573,20.717177344470716,1000
2574,20.744967470893865,1000
2575,22.19993127670083,2000
2576,22.199098351326313,2000
2577,23.60730091461278,2000
2578,23.898191809157417,2000
2579,23.897990107355966,2000
2580,23.898485357459723,2000
2581,23.89912274429827,2000
2582,23.898663535655363,2000
2583,23.89838607078169,2000
2584,23.89851307591422,2000
2585,23.898415980649368,2000
2586,23.898428414977445,2000
2587,23.74843517614647,2000
2588,22.48853263654037,2000
2589,23.05894703061925,2000
2590,22.641119962877017,2000
2591,22.2594852005942,2000
2592,21.585831047776924,2000
2593,21.25794967693275,1000
2594,21.001285844573577,1000
2595,20.800981129913524,1000
2596,20.60446434198057,1000
2597,20.41754322009173,1000
2598,20.39460960348737,1000
2599,22.20070873527036,2000
2600,22.201473533467716,2000
2601,22.751852108596793,2000
2602,23.898254774103137,2000
2603,23.898141086775713,2000
2604,23.89828489776987,2000
2605,23.89848091364202,2000
2606,23.898499939088005,2000
2607,23.89826827438687,2000
2608,23.898175601132017,2000
2609,23.898265557286635,2000
2610,23.729990964235753,2000
2611,22.2018549597304,2000
2612,22.201273992739832,2000
2613,20.27719377969163,1000
2614,19.7987199714669,1000
2615,19.47797710899004,1000
2616,19.23003618063543,1000
2617,19.250031503088366,1000
2618,19.115767853619136,1000
2619,19.007204584901597,1000
2620,18.92408726229654,1000
2621,18.831147088190725,1000
2622,18.808278785725868,1000
2623,19.004781590359016,1000
2624,19.370851614579948,1000
2625,19.9077275927977,1000
2626,20.390986815847743,1000
2627,20.88693316738784,1000
2628,21.199569720089734,1000
2629,21.079149586385412,1000
2630,20.864770083340453,1000
2631,20.754458810725442,1000
2632,20.890835890286137,1000
2633,20.313863565875735,1000
2634,19.9064537419656,1000
2635,19.554559610319668,1000
2636,19.31003462403492,1000
2637,19.14798755873901,1000
2638,19.044373623241825,1000
2639,18.959504387883733,1000
2640,18.853261269033734,1000
2641,18.77421217256679,1000
2642,18.709693534896978,1000
2643,18.615973485743947,1000
2644,18.45578050215166,1000
2645,18.25899341779377,1000
2646,18.33209248752436,1000
2647,18.46136452323661,1000
2648,18.59432605768056,1000
2649,18.702829225890934,1000
2650,18.906470446127564,1000
2651,19.056828227609902,1000
2652,19.18160824804428,1000
2653,19.197795185118878,1000
2654,19.16579284842988,1000
2655,19.07180735375856,1000
2656,19.011443280320275,1000
2657,18.955690373985146,1000
2658,18.83451465685193,1000
2659,18.692752349132668,1000
2660,18.605508489455854,1000
2661,18.546440649979093,1000
2662,18.508206876682614,1000
2663,18.475210536427557,1000
2664,18.448358175867877,1000
2665,18.247396671952107,1000
2666,18.171653149556544,1000
2667,18.103466208115485,1000
2668,18.028403228849005,1000
2669,17.95740391677453,1000
2670,17.982537112043527,1000
2671,22.201843317378746,2000
2672,22.201407906560448,2000
2673,22.201305742229717,2000
2674,22.200895154311535,2000
2675,22.250254422728254,2000
2676,22.2003109558827,2000
2677,22.20066026629643,2000
2678,23.14200651035742,2000
2679,23.835473619377442,2000
2680,23.898482075090488,2000
2681,23.89848579641867,2000
2682,23.712759435742164,2000
2683,22.20109978942903,2000
2684,22.20205348120166,2000
2685,20.26068538032332,1000
2686,19.579389223232265,1000
2687,19.127462254910508,1000
2688,18.856927136020037,1000
2689,18.663602161333888,1000
2690,18.42785654634442,1000
2691,18.258175276044323,1000
2692,18.11110268911909,1000
2693,17.999032919852336,1000
2694,18.0383780846495,1000
2695,22.203354490004617,2000
2696,22.201514578411,2000
2697,22.199883173939693,2000
2698,23.17934263199139,2000
2699,23.875581890543796,2000
2700,23.898658952685995,2000
2701,23.899108492937554,2000
2702,23.89897883049599,2000
2703,23.898671976491816,2000
2704,23.898604769023144,2000
2705,23.89842754679786,2000
2706,23.898518374600055,2000
2707,22.39612713528735,2000
2708,22.20149152273793,2000
2709,20.761051374019672,1000
2710,20.105989388446428,1000
2711,19.74948204150362,1000
2712,19.522538292566196,1000
2713,19.34617668165796,1000
2714,19.173242238871946,1000
2715,19.104888785087496,1000
2716,19.053595560744068,1000
2717,19.006741041845064,1000
2718,19.107655920672848,1000
2719,22.199479007302287,2000
2720,22.199617388110163,2000
2721,22.73526715927902,2000
2722,23.899007574471266,2000
2723,23.898829068486457,2000
2724,23.898993435440865,2000
2725,23.899345592075196,2000
2726,23.89900998347783,2000
2727,23.898666510463297,2000
2728,23.73354932167627,2000
2729,23.269745353576386,2000
2730,22.827922248187527,2000
2731,22.203053801904872,2000
2732,22.201808875324364,2000
2733,20.51556469751578,1000
2734,19.8794410226437,1000
2735,19.476876443167466,1000
2736,19.18645814797972,1000
2737,18.941233621346633,1000
2738,18.755126313427507,1000
2739,18.576785379299874,1000
2740,18.437555724232187,1000
2741,18.314373658711258,1000
2742,18.334129912330653,1000
2743,22.20735080486069,2000
2744,22.204634131630247,2000
2745,22.199900026643956,2000
2746,23.20862948886294,2000
2747,23.849946014995712,2000
2748,23.898504991902822,2000
2749,23.719133494856308,2000
2750,23.898724811616983,2000
2751,23.898464741159454,2000
2752,23.898292076637112,2000
2753,23.898351814246393,2000
2754,23.89855601759092,2000
2755,22.204880183995023,2000
2756,22.20260962140447,2000
2757,20.625683066677315,1000
2758,19.918387681085186,1000
2759,19.49262673431847,1000
2760,19.18834808236845,1000
2761,18.951836086107868,1000
2762,18.7824114555251,1000
2763,18.613925642789884,1000
2764,18.444964845226078,1000
2765,18.298654040561942,1000
2766,18.294654057087364,1000
2767,22.203213480992474,2000
2768,22.20184422992834,2000
2769,22.200456603600813,2000
2770,23.20941504260948,2000
2771,23.896337068202946,2000
2772,23.89903711147085,2000
2773,23.89883416247733,2000
2774,23.898983641682918,2000
2775,23.898788591340164,2000
2776,23.89851880418708,2000
2777,23.89859495132009,2000
2778,23.891142195103647,2000
2779,22.203725248570628,2000
2780,22.20281156557613,2000
2781,20.48838200494233,1000
2782,19.79711688343386,1000
2783,19.41115513768462,1000
2784,19.145435160671042,1000
2785,19.152023988781977,1000
2786,19.07403064284472,1000
2787,19.006161365265527,1000
2788,18.964323862294364,1000
2789,18.940088333585013,1000
2790,18.946129294599114,1000
2791,18.98891514304341,1000
2792,19.0926833943956,1000
2793,19.273343258602694,1000
2794,19.415872532309255,1000
2795,19.497933562337757,1000
2796,19.571217072997783,1000
2797,19.361970193137356,1000
2798,19.263722570269277,1000
2799,19.177543140766,1000
2800,19.07403813684458,1000
2801,19.090756396759694,1000
2802,19.07951906671515,1000
2803,19.044026814665006,1000
2804,19.043924679845087,1000
2805,19.044118957751845,1000
2806,19.061367006898173,1000
2807,19.120782525849823,1000
2808,19.208166203063183,1000
2809,19.287105531318147,1000
2810,19.40606914676424,1000
2811,19.528556460507744,1000
2812,19.527637457018333,1000
2813,19.502294623153723,1000
2814,19.52022885375192,1000
2815,19.517309090118054,1000
2816,19.5007074751847,1000
2817,19.484299045411063,1000
2818,19.468697332224497,1000
2819,19.470964909046376,1000
2820,19.464446808758158,1000
2821,19.437306341124046,1000
2822,19.408668287360744,1000
2823,19.390960295609144,1000
2824,19.36206117214254,1000
2825,19.254564973109815,1000
2826,19.08493488026115,1000
2827,18.969958921790912,1000
2828,18.903214506624582,1000
2829,18.850489633683072,1000
2830,18.792757908611687,1000
2831,18.767106839104002,1000
2832,18.713744350817816,1000
2833,18.478138343561422,1000
2834,18.410835156194008,1000
2835,18.373258925450678,1000
2836,18.35078538475254,1000
2837,18.344744276987647,1000
2838,18.458142344792595,1000
2839,22.19729924109844,2000
2840,22.199376370237164,2000
2841,22.201153839525933,2000
2842,23.048304175423265,2000
2843,23.657592059353213,2000
2844,23.75592831073255,2000
2845,23.16362190094212,2000
2846,23.898354709877328,2000
2847,23.898271995605725,2000
2848,23.89831475036817,2000
2849,23.898313125600364,2000
2850,23.89820187740879,2000
2851,22.57460081853821,2000
2852,22.200371761411557,2000
2853,21.132987996148767,1000
2854,20.43879902388332,1000
2855,20.09592822932547,1000
2856,19.854282246264447,1000
2857,19.695147437521637,1000
2858,19.556790287579613,1000
2859,19.463353302626558,1000
2860,19.389060787233646,1000
2861,19.34375830944151,1000
2862,19.428020172906844,1000
2863,22.20155797176794,2000
2864,22.202291315166992,2000
2865,22.201526031595595,2000
2866,23.146133499267787,2000
2867,23.638089472337622,2000
2868,23.722076706499255,2000
2869,23.556700377667774,2000
2870,23.898803590815117,2000
2871,23.898580623283316,2000
2872,23.898412731729373,2000
2873,23.89829369355114,2000
2874,23.84059071737431,2000
2875,22.21070635640296,2000
2876,22.201276191587056,2000
2877,20.89870174461012,1000
2878,20.249168766256947,1000
2879,19.875940372830478,1000
2880,19.587996818271268,1000
2881,19.353770186185265,1000
2882,19.176929469504625,1000
2883,19.02243171329657,1000
2884,18.874858425436134,1000
2885,18.829198360930313,1000
2886,18.930645611911707,1000
2887,22.198553576407356,2000
2888,22.19976595265054,2000
2889,22.27646706390731,2000
2890,23.522951682804138,2000
2891,23.898577720469653,2000
2892,23.89862201927204,2000
2893,23.898987140079452,2000
2894,23.89890817964767,2000
2895,23.898617988698422,2000
2896,23.898440912128063,2000
2897,23.898476601534377,2000
2898,23.738253422592337,2000
2899,22.216899112719986,2000
2900,22.2021120549729,2000
2901,20.99462734810635,1000
2902,20.35041846443724,1000
2903,19.950202112696957,1000
2904,19.657927285353935,1000
2905,19.456456982071593,1000
2906,19.284609509849876,1000
2907,19.139754753975158,1000
2908,19.03723747936665,1000
2909,18.952314560482545,1000
2910,18.99542159622058,1000
2911,22.202039557216462,2000
2912,22.199788187432393,2000
2913,22.45119952997993,2000
2914,23.89650523816575,2000
2915,23.898739250443356,2000
2916,23.89834791038974,2000
2917,23.8989030135255,2000
2918,23.89846855636489,2000
2919,23.898895648975312,2000
2920,23.898466957765027,2000
2921,23.89816737943457,2000
2922,23.898114119101855,2000
2923,22.850999311996368,2000
2924,22.201874100766847,2000
2925,21.43024448526839,1000
2926,20.624366561776498,1000
2927,20.224376132378726,1000
2928,19.88637861479219,1000
2929,19.603930266755825,1000
2930,19.452305257183895,1000
2931,19.26361387576831,1000
2932,19.151157961628275,1000
2933,19.022373595763636,1000
2934,19.221487984726267,1000
2935,22.19962333284202,2000
2936,22.201150852956403,2000
2937,22.890640537682344,2000
2938,23.899032679245714,2000
2939,23.89861728664354,2000
2940,23.898708081969783,2000
2941,23.898766960291443,2000
2942,23.898675975551413,2000
2943,23.8984382205114,2000
2944,23.89827099167976,2000
2945,23.89822967992778,2000
2946,23.898001944238857,2000
2947,23.26867233174948,2000
2948,22.200692677966934,2000
2949,21.707619753241545,2000
2950,20.933921668967624,1000
2951,20.451850040775213,1000
2952,20.121327271438258,1000
2953,20.155336404010274,1000
2954,20.10373668716865,1000
2955,20.052072304084593,1000
2956,19.89112026315414,1000
2957,19.764131172607083,1000
2958,19.88741247127882,1000
2959,20.42877781815495,1000
2960,21.348153215940982,1000
2961,22.405975407464894,2000
2962,23.41335167507964,2000
2963,24.212531837265587,2000
2964,24.837917069979042,2000
2965,25.324361490286563,2000
2966,25.715563641116844,2000
2967,26.15552995728857,2000
2968,26.392097925238723,2000
2969,26.28543784374809,2000
2970,25.687288878303576,2000
2971,24.742679946911068,2000
2972,23.802164173666757,2000
2973,23.006392145191196,2000
2974,22.441997823015985,2000
2975,21.91623106746934,2000
2976,21.437834232407223,1000
2977,21.19066175934205,1000
2978,20.978362979949242,1000
2979,20.74747651370785,1000
2980,20.47763758492784,1000
2981,20.343399398297517,1000
2982,20.585124749479903,1000
2983,21.161118769625524,1000
2984,21.902105675754527,2000
2985,22.744385043353947,2000
2986,23.447933215439473,2000
2987,24.171116260864196,2000
2988,24.772910143697548,2000
2989,25.335691366076023,2000
2990,25.867245880237462,2000
2991,25.996425495555414,2000
2992,25.904845897740326,2000
2993,25.536364149983477,2000
2994,25.121035756814194,2000
2995,23.727702016395128,2000
2996,22.510342122914466,2000
2997,21.649957742932003,2000
2998,21.13062371409667,1000
2999,20.737755728099884,1000
3000,20.43070636477685,1000
3001,20.006339046566197,1000
3002,19.749515883981918,1000
3003,19.529661669091215,1000
3004,19.369537233509618,1000
3005,19.246442558151404,1000
3006,19.364692734317565,1000
3007,22.2006844217359,2000
3008,22.200216345603216,2000
3009,22.791908029901187,2000
3010,23.89891776819521,2000
3011,23.898011988866035,2000
3012,23.898253212318433,2000
3013,23.898785928855112,2000
3014,23.8987037290216,2000
3015,23.89858230468967,2000
3016,23.89836253513724,2000
3017,23.898425126985362,2000
3018,23.898272066401475,2000
3019,22.746373107246352,2000
3020,22.201615768650694,2000
3021,21.21938373146273,1000
3022,20.44171231200451,1000
3023,19.98704921577758,1000
3024,19.54988915217857,1000
3025,19.287481173880522,1000
3026,19.041902505202692,1000
3027,18.822393775390548,1000
3028,18.663932826227885,1000
3029,18.55984358227517,1000
3030,18.72259031362124,1000
3031,22.198459738525905,2000
3032,22.2003305983922,2000
3033,22.239217490338277,2000
3034,23.404931010444614,2000
3035,23.62582247938813,2000
3036,23.746411582487536,2000
3037,23.637376120993096,2000
3038,23.89875017592826,2000
3039,23.89853792129018,2000
3040,23.89840885242767,2000
3041,23.712653367562837,2000
3042,23.25904282394052,2000
3043,22.201860505693897,2000
3044,22.19960930709289,2000
3045,20.577847224034596,1000
3046,19.928604312211544,1000
3047,19.558267929189267,1000
3048,19.328356659610815,1000
3049,19.16906281466043,1000
3050,19.041945684365793,1000
3051,18.938686359744906,1000
3052,18.857383280257054,1000
3053,18.78635246006109,1000
3054,18.834193400793954,1000
3055,22.202882706320402,2000
3056,22.199314345414415,2000
3057,22.206152741984702,2000
3058,23.333395782942418,2000
3059,23.6484069994953,2000
3060,23.64451882964668,2000
3061,23.335692713072085,2000
3062,23.831234172443718,2000
3063,23.898404046412022,2000
3064,23.89840517804059,2000
3065,23.684366054261975,2000
3066,23.33942343066629,2000
3067,22.201019064056016,2000
3068,22.200680040139094,2000
3069,20.70455202194737,1000
3070,20.06323497982297,1000
3071,19.725929182429304,1000
3072,19.441488504395352,1000
3073,19.15225517298615,1000
3074,18.8623562627293,1000
3075,18.670132348420914,1000
3076,18.53605882852135,1000
3077,18.427997986983584,1000
3078,18.601720610099648,1000
3079,22.20030039713131,2000
3080,22.200706044025583,2000
3081,22.26694076131663,2000
3082,23.709907310950957,2000
3083,23.89842775316617,2000
3084,23.898285959884014,2000
3085,23.89902274182419,2000
3086,23.89875373613218,2000
3087,23.898573090054786,2000
3088,23.898303539308774,2000
3089,23.89830232159296,2000
3090,23.898284955559333,2000
3091,22.797287452618193,2000
3092,22.20030520332998,2000
3093,21.281257367250372,1000
3094,20.503727278567826,1000
3095,20.09922673815655,1000
3096,19.768500576291174,1000
3097,19.578009306393554,1000
3098,19.43187232236262,1000
3099,19.391200233551835,1000
3100,19.34600288443663,1000
3101,19.339226164539323,1000
3102,19.410300009965464,1000
3103,22.1979405438221,2000
3104,22.20041746271959,2000
3105,22.31337261852134,2000
3106,23.696168573612628,2000
3107,23.898304544038155,2000
3108,23.898547403866438,2000
3109,23.898790609422985,2000
3110,23.89882009779207,2000
3111,23.898735531551434,2000
3112,23.898677398307306,2000
3113,23.886793591440306,2000
3114,23.41567569135362,2000
3115,22.20106300523866,2000
3116,22.201267906602673,2000
3117,21.079852349521435,1000
3118,20.51176332477339,1000
3119,20.150321099256946,1000
3120,19.86228763080819,1000
3121,19.83265108476139,1000
3122,19.769573086491313,1000
3123,19.788379514631263,1000
3124,19.780688514909144,1000
3125,19.721398345395535,1000
3126,19.78451948288748,1000
3127,20.104106395582857,1000
3128,20.580073599036766,1000
3129,21.21136171665974,1000
3130,21.864010203499898,2000
3131,22.390677691724573,2000
3132,22.923440958026212,2000
3133,23.348006889695597,2000
3134,23.765963491682967,2000
3135,23.945186061456273,2000
3136,23.959913056602883,2000
3137,23.733774600162597,2000
3138,22.954314148585148,2000
3139,22.07132248940209,2000
3140,21.39801848432727,1000
3141,20.897427953104614,1000
3142,20.535156373617507,1000
3143,20.33845698206598,1000
3144,20.170540536310693,1000
3145,20.07655013784876,1000
3146,19.97185470807292,1000
3147,19.871577463723792,1000
3148,19.79251605045294,1000
3149,19.713448300367325,1000
3150,19.78768701124475,1000
3151,20.01024327634236,1000
3152,20.320330133662274,1000
3153,20.774390064363086,1000
3154,21.3113244433415,1000
3155,21.74128938287983,2000
3156,22.338278402808005,2000
3157,22.701618157022242,2000
3158,23.088908215092445,2000
3159,23.14641783931721,2000
3160,23.01768057303147,2000
3161,22.94156860536211,2000
3162,22.22325011605083,2000
3163,21.602019205878165,2000
3164,21.058502940814282,1000
3165,20.591264429171037,1000
3166,20.265272698580272,1000
3167,20.004668386008984,1000
3168,19.78833494511349,1000
3169,19.440050323305744,1000
3170,19.2779201135938,1000
3171,19.18076400948551,1000
3172,19.101704882558437,1000
3173,19.035487462334107,1000
3174,19.07835804031096,1000
3175,22.20537905719406,2000
3176,22.200502284671984,2000
3177,22.20044282939654,2000
3178,23.23778502347483,2000
3179,23.897359035497143,2000
3180,23.89864544290995,2000
3181,23.898776604948093,2000
3182,23.898738894416216,2000
3183,23.898360729712984,2000
3184,23.89824577717171,2000
3185,23.408715073637495,2000
3186,22.85702256213001,2000
3187,22.202111773253236,2000
3188,22.20065086815895,2000
3189,20.47409059065002,1000
3190,19.89849370217617,1000
3191,19.559597670315114,1000
3192,19.34799340857289,1000
3193,19.21796418854835,1000
3194,19.120754888230007,1000
3195,19.00896165760892,1000
3196,18.879990142038693,1000
3197,18.81222022487647,1000
3198,19.00337091207441,1000
3199,22.201234714860668,2000
3200,22.20062655848392,2000
3201,22.480842834231616,2000
3202,23.88411009379633,2000
3203,23.8983600404267,2000
3204,23.898646673500078,2000
3205,23.89904882589115,2000
3206,23.898725168189923,2000
3207,23.898406707597104,2000
3208,23.898372005450135,2000
3209,23.898291583333414,2000
3210,23.898331832225775,2000
3211,22.425259986843074,2000
3212,22.20254071849592,2000
3213,20.861654065446405,1000
3214,20.285161172619453,1000
3215,19.968561818176113,1000
3216,19.780860150334338,1000
3217,19.62483027581952,1000
3218,19.510861908546186,1000
3219,19.347080094459585,1000
3220,19.226265158826532,1000
3221,19.14324378037888,1000
3222,19.196578561797807,1000
3223,22.196510886533773,2000
3224,22.19892569575573,2000
3225,22.35298224443384,2000
3226,23.690456961740374,2000
3227,23.898674295288483,2000
3228,23.89848639026585,2000
3229,23.898763402378034,2000
3230,23.898679233585305,2000
3231,23.898445025765792,2000
3232,23.89827730255489,2000
3233,23.898305197444405,2000
3234,23.89843873239844,2000
3235,22.506696947570358,2000
3236,22.202498468786466,2000
3237,20.865603675463955,1000
3238,20.218038516874874,1000
3239,19.787811722748913,1000
3240,19.469593595213208,1000
3241,19.246911651477575,1000
3242,19.068520424013386,1000
3243,18.950428431132785,1000
3244,18.86128717711833,1000
3245,18.844925128494854,1000
3246,19.088669694110663,1000
3247,22.19822461281688,2000
3248,22.200083527772215,2000
3249,22.67261165004681,2000
3250,23.898790711515943,2000
3251,23.89850957970493,2000
3252,23.898458138265454,2000
3253,23.898773411003653,2000
3254,23.89862952347829,2000
3255,23.8985301613283,2000
3256,23.898527130629365,2000
3257,23.497152702614024,2000
3258,23.13988699844923,2000
3259,22.201589593057868,2000
3260,22.20116933098556,2000
3261,20.850384213449125,1000
3262,20.30790781702366,1000
3263,19.959818582477663,1000
3264,19.759081697651233,1000
3265,19.593464333712067,1000
3266,19.447666195986717,1000
3267,19.344632366535173,1000
3268,19.266038570662385,1000
3269,19.278063849124667,1000
3270,19.360756781167368,1000
3271,22.20092611997921,2000
3272,22.2007584803576,2000
3273,22.264413332942787,2000
3274,23.470020885781842,2000
3275,23.897923040258707,2000
3276,23.89841445202671,2000
3277,23.835753418955935,2000
3278,23.89880674117825,2000
3279,23.898642975533555,2000
3280,23.75814266961691,2000
3281,23.24371277826143,2000
3282,22.93535859808013,2000
3283,22.201598793018835,2000
3284,22.202357494283127,2000
3285,20.803161427946655,1000
3286,20.278588069639763,1000
3287,19.993541574865567,1000
3288,19.80535319027254,1000
3289,19.85285241750346,1000
3290,19.828746116386558,1000
3291,19.815453697042955,1000
3292,19.79951127889574,1000
3293,19.810421219839082,1000
3294,19.897021765568425,1000
3295,20.11212505955563,1000
3296,20.460784608336407,1000
3297,21.045699619605642,1000
3298,21.46255466734791,1000
3299,21.968360391818372,2000
3300,22.349245392207692,2000
3301,22.56866848246053,2000
3302,22.701203682693983,2000
3303,22.677972085108944,2000
3304,22.541086941165137,2000
3305,22.22918940493611,2000
3306,21.74436766602525,2000
3307,21.26110481879392,1000
3308,20.83526779047291,1000
3309,20.511563500275155,1000
3310,20.330176394066612,1000
3311,20.182229573601706,1000
3312,20.045448591708077,1000
3313,19.87457681242422,1000
3314,19.7501544114675,1000
3315,19.667845307521983,1000
3316,19.635248359697012,1000
3317,19.661742512040313,1000
3318,19.791866550221936,1000
3319,20.00626110163481,1000
3320,20.27236088378953,1000
3321,20.695012489988564,1000
3322,21.26221737702675,1000
3323,21.918739884555528,2000
3324,22.516687434941606,2000
3325,23.04350239986759,2000
3326,23.426245367963425,2000
3327,23.7694136103158,2000
3328,23.999372944520708,2000
3329,23.909057171281077,2000
3330,23.363905883797536,2000
3331,22.47837209609718,2000
3332,21.688783241684433,2000
3333,21.09256977216526,1000
3334,20.631508496699226,1000
3335,20.315464730606497,1000
3336,20.057110430218824,1000
3337,19.621910333085374,1000
3338,19.39553648566632,1000
3339,19.21579667095583,1000
3340,19.102363836757842,1000
3341,19.081833436871058,1000
3342,19.357028933983052,1000
3343,22.20253307041752,2000
3344,22.200971362749655,2000
3345,22.860885049839958,2000
3346,23.89912201955529,2000
3347,23.89835106232669,2000
3348,23.89844051470355,2000
3349,23.898952019759236,2000
3350,23.898720683950778,2000
3351,23.89829702645645,2000
3352,23.898396010408796,2000
3353,23.898510708060627,2000
3354,23.89845976088364,2000
3355,22.955138552743833,2000
3356,22.201896846909587,2000
3357,21.5439859619051,2000
3358,20.68884628430194,1000
3359,20.237427368679146,1000
3360,19.896255113376345,1000
3361,19.630111305507523,1000
3362,19.418209954305162,1000
3363,19.274936745683604,1000
3364,19.217959723039822,1000
3365,19.21222268592318,1000
3366,19.475304281660947,1000
3367,22.199396913299587,2000
3368,22.200532633785116,2000
3369,23.040604434777478,2000
3370,23.898940277262138,2000
3371,23.898803590147843,2000
3372,23.89878563411344,2000
3373,23.898842134135183,2000
3374,23.897964578958096,2000
3375,23.898776034210766,2000
3376,23.89849763667754,2000
3377,23.898459748090342,2000
3378,23.898444329009045,2000
3379,23.459673121934618,2000
3380,22.200636118585663,2000
3381,22.134250875844824,2000
3382,21.351395763474073,1000
3383,20.715104366036723,1000
3384,20.322317105154017,1000
3385,20.046029740579066,1000
3386,19.78427762397137,1000
3387,19.58615219410381,1000
3388,19.399619726061054,1000
3389,19.364547770765082,1000
3390,19.686457961848145,1000
3391,22.19882934149957,2000
3392,22.200547754172714,2000
3393,23.449738269142287,2000
3394,23.898886775643945,2000
3395,23.898164353668324,2000
3396,23.89828306261451,2000
3397,23.898825632433997,2000
3398,23.899056811855317,2000
3399,23.898548789341568,2000
3400,23.89850581005082,2000
3401,23.898536113941343,2000
3402,23.898436678384673,2000
3403,23.52892263482404,2000
3404,22.20201010997404,2000
3405,22.307811158077925,2000
3406,21.643255234857527,2000
3407,21.14766343005235,1000
3408,20.737076941012077,1000
3409,20.406664117104587,1000
3410,20.1911684334836,1000
3411,20.03455103780515,1000
3412,19.94762621677606,1000
3413,19.884485703596866,1000
3414,20.022008198749358,1000
3415,22.199733376033834,2000
3416,22.19943806114286,2000
3417,23.314663433282533,2000
3418,23.898908428371858,2000
3419,23.898322550318294,2000
3420,23.898625885363412,2000
3421,23.899100362605587,2000
3422,23.898815866634234,2000
3423,23.898434190368828,2000
3424,23.898436212685205,2000
3425,23.898509985016837,2000
3426,23.89724310923853,2000
3427,22.51593894187917,2000
3428,22.200398837077,2000
3429,21.516609922518036,2000
3430,20.87610880255665,1000
3431,20.53205250741713,1000
3432,20.318079705016412,1000
3433,20.174291170947644,1000
3434,20.070694356773938,1000
3435,19.9734682541337,1000
3436,19.918156145425773,1000
3437,19.922551224600134,1000
3438,20.02840742420991,1000
3439,22.200015217698358,2000
3440,22.200594369919727,2000
3441,22.864435386350408,2000
3442,23.89874347888896,2000
3443,23.897943200084708,2000
3444,23.898358970297224,2000
3445,23.899055562593936,2000
3446,23.89869764883989,2000
3447,23.89835829809144,2000
3448,23.898363137188106,2000
3449,23.89849397378353,2000
3450,23.898665680265335,2000
3451,22.931969690633796,2000
3452,22.201238386280775,2000
3453,21.66514756224658,2000
3454,21.055372457101345,1000
3455,20.63844255173892,1000
3456,20.400328705226237,1000
3457,20.410885089478267,1000
3458,20.275971099188432,1000
3459,20.190550348903443,1000
3460,20.197091466232415,1000
3461,20.202316472083787,1000
3462,20.359841038834688,1000
3463,20.972242757947072,1000
3464,21.78276683648147,2000
3465,22.667104855238016,2000
3466,23.47921067772083,2000
3467,24.147483500771244,2000
3468,24.642304235488513,2000
3469,25.048911318332465,2000
3470,25.19691175328311,2000
3471,25.296352935886805,2000
3472,25.30578559067032,2000
3473,24.931701521165536,2000
3474,24.25650584581794,2000
3475,23.315560875197527,2000
3476,22.362206701079224,2000
3477,21.597543960716013,2000
3478,21.064255210898278,1000
3479,20.66839206990151,1000
3480,20.414396887888593,1000
3481,20.1928164612932,1000
3482,20.033215110671716,1000
3483,19.957834445280355,1000
3484,19.824239861903337,1000
3485,19.739276622550403,1000
3486,19.95884512934724,1000
3487,20.42162698001767,1000
3488,21.169690498155273,1000
3489,22.04324293355458,2000
3490,22.77824789045937,2000
3491,23.36228802188504,2000
3492,23.8487054191545,2000
3493,24.242906149010043,2000
3494,24.61695209825139,2000
3495,24.901536359361668,2000
3496,24.936980451050765,2000
3497,24.56148968971299,2000
3498,23.914388410786366,2000
3499,22.978762603063956,2000
3500,22.120887464731354,2000
3501,21.40498064866025,1000
3502,20.905358962054795,1000
3503,20.48498471991926,1000
3504,20.210164288335726,1000
3505,19.800925775417348,1000
3506,19.492519413005315,1000
3507,19.305687192109094,1000
3508,19.116531226426677,1000
3509,19.059260781744904,1000
3510,19.356884042659367,1000
3511,22.203677935913635,2000
3512,22.200063829672903,2000
3513,23.11928894314829,2000
3514,23.89895431132162,2000
3515,23.898639940315014,2000
3516,23.898601905305508,2000
3517,23.898738481503575,2000
3518,23.89863709129019,2000
3519,23.898583250755763,2000
3520,23.898372438064772,2000
3521,23.898500523360457,2000
3522,23.89848382087925,2000
3523,23.734767915541628,2000
3524,22.234785274764555,2000
3525,22.444866803266226,2000
3526,21.806583534374724,2000
3527,21.25165055870369,1000
3528,20.872224269075296,1000
3529,20.607270302774367,1000
3530,20.446621731131202,1000
3531,20.32841710136293,1000
3532,20.23832513764165,1000
3533,20.230916205373653,1000
3534,20.543661924841345,1000
3535,22.19842747241191,2000
3536,22.19981406805538,2000
3537,23.62598110542725,2000
3538,23.89822818162914,2000
3539,23.898115413262946,2000
3540,23.89852913145247,2000
3541,23.89928459987196,2000
3542,23.89868970227432,2000
3543,23.89843787102209,2000
3544,23.898693136301066,2000
3545,23.89864774729516,2000
3546,23.89859178210166,2000
3547,22.761425133951025,2000
3548,22.20066967548144,2000
3549,21.88455698730826,2000
3550,21.384244988341994,1000
3551,21.078557586788207,1000
3552,20.907851065567556,1000
3553,20.721546587072986,1000
3554,20.535625369959394,1000
3555,20.42525787930872,1000
3556,20.356247123127034,1000
3557,20.367888222337065,1000
3558,20.443901396977456,1000
3559,22.20022727611395,2000
3560,22.201256175165916,2000
3561,23.220026377828006,2000
3562,23.898181516845657,2000
3563,23.89799731234895,2000
3564,23.89842116299555,2000
3565,23.899163642574106,2000
3566,23.898994067140322,2000
3567,23.89846745539542,2000
3568,23.898332332315903,2000
3569,23.89847582886856,2000
3570,23.898480930779268,2000
3571,23.045162553785502,2000
3572,22.199768411223506,2000
3573,22.028367250074773,2000
3574,21.518432952384988,2000
3575,21.157605464117214,1000
3576,21.000829625471386,1000
3577,20.892115346811273,1000
3578,20.767301878473628,1000
3579,20.644040462913896,1000
3580,20.570450355249484,1000
3581,20.59288649817119,1000
3582,20.755393481729307,1000
3583,22.201525244901404,2000
3584,22.199720430737774,2000
3585,23.32971807532651,2000
3586,23.89838217181555,2000
3587,23.898129528213115,2000
3588,23.898369362560913,2000
3589,23.899051720561168,2000
3590,23.898666665360768,2000
3591,23.898366808978608,2000
3592,23.898328672704853,2000
3593,23.89844305872762,2000
3594,23.89848391033364,2000
3595,23.520922597126635,2000
3596,22.20515177410541,2000
3597,22.474933210039033,2000
3598,21.95668612981065,2000
3599,21.60361069144923,2000
3600,21.318311373832003,1000
3601,21.09010468275097,1000
3602,20.888453838692605,1000
3603,20.692755038778632,1000
3604,20.54177941702976,1000
3605,20.424695009254922,1000
3606,20.546629193979513,1000
3607,22.200033760569806,2000
3608,22.200815693543376,2000
3609,23.451431396010257,2000
3610,23.8981406103486,2000
3611,23.898068765562712,2000
3612,23.8984742412794,2000
3613,23.899119801774663,2000
3614,23.898686738746036,2000
3615,23.89831369345153,2000
3616,23.898341338941947,2000
3617,23.89854516404404,2000
3618,23.898630544875598,2000
3619,23.281324332424738,2000
3620,22.200333310796477,2000
3621,22.131863040763655,2000
3622,21.569298889126753,2000
3623,21.219351968000048,1000
3624,20.964889973287324,1000
3625,21.093008282010302,1000
3626,21.059805354264753,1000
3627,21.01800808541586,1000
3628,20.97326818468563,1000
3629,20.95199213397876,1000
3630,20.927132578872538,1000
3631,21.045772158894017,1000
3632,21.561808286980913,2000
3633,22.21207125010662,2000
3634,22.83379725764293,2000
3635,23.345072147279314,2000
3636,23.821480692585265,2000
3637,24.152219944553423,2000
3638,24.52077862893069,2000
3639,24.845392503930825,2000
3640,25.12714164932799,2000
3641,25.062057691759637,2000
3642,24.646667459989047,2000
3643,23.962086030314573,2000
3644,23.067544811238527,2000
3645,22.23048569890453,2000
3646,21.533811651859338,2000
3647,21.110619715569925,1000
3648,20.81918454968089,1000
3649,20.60024423869251,1000
3650,20.46340185968015,1000
3651,20.35834513837623,1000
3652,20.255502192859808,1000
3653,20.217741199980484,1000
3654,20.416787992257635,1000
3655,20.966029877344262,1000
3656,21.795357290450113,2000
3657,22.65234576687599,2000
3658,23.390752047327506,2000
3659,24.098410581373997,2000
3660,24.64392833787838,2000
3661,24.990884453146013,2000
3662,25.120552910229822,2000
3663,24.960992393903968,2000
3664,24.69359563002678,2000
3665,24.334887537122192,2000
3666,23.992426628901534,2000
3667,23.43003025926626,2000
3668,22.764927268246872,2000
3669,22.18089186632662,2000
3670,21.827466030009983,2000
3671,21.45244115435012,1000
3672,21.20620536485483,1000
3673,20.730988154229326,1000
3674,20.54423110686908,1000
3675,20.378796020846295,1000
3676,20.210880082707604,1000
3677,20.143159599034114,1000
3678,20.33625846292593,1000
3679,22.200506502784478,2000
3680,22.19962049959892,2000
3681,23.369767154471404,2000
3682,23.898183956790053,2000
3683,23.898036011497993,2000
3684,23.898427582080114,2000
3685,23.89856575929022,2000
3686,23.898397353497472,2000
3687,23.898501285630243,2000
3688,23.89835138414801,2000
3689,23.898484816613774,2000
3690,23.8986219341079,2000
3691,23.455778063171678,2000
3692,22.200565821606308,2000
3693,22.18695389032323,2000
3694,21.633871690249713,2000
3695,21.194248477196847,1000
3696,20.934850219823357,1000
3697,20.716409201987176,1000
3698,20.612553965123993,1000
3699,20.595342451453632,1000
3700,20.579191603761497,1000
3701,20.59909347678488,1000
3702,20.81856335865263,1000
3703,22.198964849776306,2000
3704,22.199838222998764,2000
3705,23.865571641391952,2000
3706,23.898155443128246,2000
3707,23.89807478731419,2000
3708,23.898508805920144,2000
3709,23.898963553020188,2000
3710,23.898714426693413,2000
3711,23.898642306241502,2000
3712,23.898320258364322,2000
3713,23.898159996343722,2000
3714,23.8982922571645,2000
3715,23.595559345817247,2000
3716,22.26818782857505,2000
3717,22.659845947967284,2000
3718,22.009396074192004,2000
3719,21.491448394147806,1000
3720,21.125763447104635,1000
3721,20.942439706782423,1000
3722,20.776991511357792,1000
3723,20.678553379045514,1000
3724,20.592900486519103,1000
3725,20.567474984724235,1000
3726,20.722510716425944,1000
3727,22.199644657836256,2000
3728,22.199759024468097,2000
3729,23.106094423920297,2000
3730,23.89851530844634,2000
3731,23.898045913596256,2000
3732,23.89838656636292,2000
3733,23.89913527545465,2000
3734,23.89874942207543,2000
3735,23.898337431370923,2000
3736,23.898285419232426,2000
3737,23.898368597280204,2000
3738,23.89807169189706,2000
3739,22.84882557215106,2000
3740,22.201924505618994,2000
3741,21.49852517891537,1000
3742,20.81205286329209,1000
3743,20.471632375982455,1000
3744,20.2321507328891,1000
3745,20.062009188692027,1000
3746,19.912653182912948,1000
3747,19.759445585756964,1000
3748,19.651936369950437,1000
3749,19.64110516706168,1000
3750,19.863497335371743,1000
3751,22.198457547196046,2000
3752,22.198857595439243,2000
3753,23.406389378709374,2000
3754,23.89882446565909,2000
3755,23.898026531523158,2000
3756,23.898424620342908,2000
3757,23.89912696886642,2000
3758,23.898678884260917,2000
3759,23.89830006656083,2000
3760,23.89828590692564,2000
3761,23.898459062005337,2000
3762,23.898511062226248,2000
3763,23.899264513173275,2000
3764,22.646155144514942,2000
3765,23.284233501802397,2000
3766,22.94033234307956,2000
3767,22.6931594290327,2000
3768,22.439908562878223,2000
3769,22.154794202702526,2000
3770,21.95324571430851,2000
3771,21.855772781476528,2000
3772,21.719882050933407,2000
3773,21.644222598467653,2000
3774,21.790467937282838,2000
3775,22.201545855053414,2000
3776,22.200994263178266,2000
3777,23.456099003650678,2000
3778,23.898321889491335,2000
3779,23.89833147562281,2000
3780,23.89848438630702,2000
3781,23.899040994274724,2000
3782,23.898746453513564,2000
3783,23.898308261742564,2000
3784,23.898206631451284,2000
3785,23.898362758177537,2000
3786,23.898418049411653,2000
3787,23.571502737550418,2000
3788,22.22044883889754,2000
3789,22.70441126441377,2000
3790,22.268213934319274,2000
3791,22.004841253587127,2000
3792,21.818190652474275,2000
3793,21.910661803313687,2000
3794,21.816771526669935,2000
3795,21.769467613413063,2000
3796,21.69644633685109,2000
3797,21.676565249941266,2000
3798,21.99007357390636,2000
3799,22.581054738842838,2000
3800,23.38559698831959,2000
3801,24.113745557343666,2000
3802,24.765909026407936,2000
3803,25.371427925887346,2000
3804,25.90566988775658,2000
3805,26.34929209815225,2000
3806,26.358240332525284,2000
3807,25.420454872431552,2000
3808,24.749102582447566,2000
3809,24.431952896687292,2000
3810,23.906234124665424,2000
3811,23.220917432950554,2000
3812,22.59470475673792,2000
3813,22.132230487529185,2000
3814,21.672791005401145,2000
3815,21.33663142698929,1000
3816,21.12873493337262,1000
3817,21.00376828209996,1000
3818,20.905721652189882,1000
3819,20.84307585840511,1000
3820,20.791233417922232,1000
3821,20.856549646107077,1000
3822,21.052669249188845,1000
3823,21.406383721583882,1000
3824,21.949111282616855,2000
3825,22.43768406360314,2000
3826,22.905364643122816,2000
3827,23.448745531410665,2000
3828,23.99063938389297,2000
3829,24.22893065506339,2000
3830,24.379564510732525,2000
3831,24.680656723010316,2000
3832,24.828956814037863,2000
3833,24.567521866830468,2000
3834,23.97770163199435,2000
3835,23.25455998835634,2000
3836,22.692086075160546,2000
3837,22.343984177980477,2000
3838,22.037243079026332,2000
3839,21.80983810087632,2000
3840,21.67307550670657,2000
3841,21.306419237989658,1000
3842,21.17307906125215,1000
3843,21.20179341933964,1000
3844,21.178217289094814,1000
3845,21.197862074465046,1000
3846,21.337194155725506,1000
3847,22.2000868413635,2000
3848,22.200651008216234,2000
3849,23.004127892628333,2000
3850,23.89830214251486,2000
3851,23.89811689788384,2000
3852,23.898437034090307,2000
3853,23.89907306518421,2000
3854,23.89876386457665,2000
3855,23.898477069384985,2000
3856,23.898552249000954,2000
3857,23.849978371023624,2000
3858,23.637225535611375,2000
3859,22.270490161705133,2000
3860,22.20051796929292,2000
3861,21.324332395166408,1000
3862,20.61292280252848,1000
3863,20.293351655035302,1000
3864,20.11452097289786,1000
3865,19.990332801155528,1000
3866,19.90005733427721,1000
3867,19.831963816142526,1000
3868,19.77603996578156,1000
3869,19.77878725972119,1000
3870,20.053529742539986,1000
3871,22.19889612709591,2000
3872,22.199981322441477,2000
3873,23.377578991551463,2000
3874,23.898261625317822,2000
3875,23.898074338578795,2000
3876,23.898464547263966,2000
3877,23.898965219826177,2000
3878,23.89873313484432,2000
3879,23.898383543791134,2000
3880,23.89840666233896,2000
3881,23.89851447863416,2000
3882,23.898551373436234,2000
3883,23.37773415965476,2000
3884,22.200469338744288,2000
3885,22.061008155164448,2000
3886,21.400842478248556,1000
3887,20.908301955199153,1000
3888,20.593781952019587,1000
3889,20.42500567670194,1000
3890,20.214053612622827,1000
3891,20.10901470219377,1000
3892,19.964908612805786,1000
3893,19.92766444761174,1000
3894,20.130230912165423,1000
3895,22.199929754798827,2000
3896,22.200639498464362,2000
3897,23.25364345591577,2000
3898,23.89853616836054,2000
3899,23.89819910485046,2000
3900,23.89835018523515,2000
3901,23.898765851300826,2000
3902,23.89891657567347,2000
3903,23.898598040583842,2000
3904,23.89813191069934,2000
3905,23.897985998140225,2000
3906,23.8980723652347,2000
3907,22.928005018950817,2000
3908,22.20148231103643,2000
3909,21.8067910474114,2000
3910,21.207968247283507,1000
3911,20.79841821166152,1000
3912,20.553194782658974,1000
3913,20.317223556341613,1000
3914,20.15024643497993,1000
3915,20.10160464997454,1000
3916,20.08039471854652,1000
3917,20.125898504677885,1000
3918,20.295851424850564,1000
3919,22.19886777742662,2000
3920,22.198866193103484,2000
3921,23.342925339464404,2000
3922,23.898470850219002,2000
3923,23.898133048381432,2000
3924,23.898494125964916,2000
3925,23.899160532218666,2000
3926,23.898803468913393,2000
3927,23.898321448776578,2000
3928,23.89831941922404,2000
3929,23.89843393689071,2000
3930,23.898514278380105,2000
3931,23.27441262765816,2000
3932,22.200552698759303,2000
3933,22.262376429269306,2000
3934,21.708877410003833,2000
3935,21.3328334913069,1000
3936,21.05904181147148,1000
3937,20.828887199150564,1000
3938,20.66065579332478,1000
3939,20.564728743298918,1000
3940,20.4654429134925,1000
3941,20.471189027644023,1000
3942,20.647358433089835,1000
3943,22.2005516616276,2000
3944,22.199044979691333,2000
3945,23.675371412130914,2000
3946,23.898169984005246,2000
3947,23.898055919381576,2000
3948,23.898471719885855,2000
3949,23.899120221519844,2000
3950,23.89863947840737,2000
3951,23.898315811840305,2000
3952,23.898356979097812,2000
3953,23.898461706007524,2000
3954,23.898516397235543,2000
3955,23.89191542127137,2000
3956,22.644846057653172,2000
3957,23.154144160341552,2000
3958,22.759990555755312,2000
3959,22.525089911676833,2000
3960,22.286887615635475,2000
3961,22.40975766628005,2000
3962,22.298081872951673,2000
3963,22.165100856390385,2000
3964,22.032892892718277,2000
3965,21.976749625355154,2000
3966,22.192567349533114,2000
3967,22.689700481427295,2000
3968,23.34203766841154,2000
3969,23.999465570864032,2000
3970,24.624205595750293,2000
3971,25.15101601833388,2000
3972,25.515474931750838,2000
3973,25.864316739895113,2000
3974,26.16973845703027,2000
3975,26.45887069704323,2000
3976,26.624967850519724,2000
3977,26.443197317015493,2000
3978,25.9348000220934,2000
3979,25.22625371330124,2000
3980,24.55634320053882,2000
3981,24.017659841709,2000
3982,23.589600408470684,2000
3983,23.248639198686963,2000
3984,22.9667742737006,2000
3985,22.69374407846269,2000
3986,22.457019144511108,2000
3987,22.22151451948308,2000
3988,22.020537372099756,2000
3989,21.886246827867257,2000
3990,22.063261761673097,2000
3991,22.592320274165793,2000
3992,23.274973668778443,2000
3993,24.042429211879387,2000
3994,24.695483316801283,2000
3995,25.21843210951965,2000
3996,25.654980493797478,2000
3997,26.024237465919576,2000
3998,26.32841989635156,2000
3999,26.5430360587478,2000
4000,26.539094853233923,2000
4001,26.310299341548255,2000
4002,25.72836944267686,2000
4003,25.055287190201177,2000
4004,24.429155448352304,2000
4005,23.97847014347258,2000
4006,23.669330745369027,2000
4007,23.367311416645816,2000
4008,23.07205376615199,2000
4009,22.527116327492347,2000
4010,22.23670306472793,2000
4011,22.008355097943742,2000
4012,21.812438771129194,2000
4013,21.72996156276815,2000
4014,21.807336414703926,2000
4015,22.20019950853431,2000
4016,22.200131492537913,2000
4017,23.81315966510072,2000
4018,23.89825467008838,2000
4019,23.898202978011696,2000
4020,23.898537709731194,2000
4021,23.89908870398235,2000
4022,23.898674169762206,2000
4023,23.898363098085508,2000
4024,23.898519016847917,2000
4025,23.898634315754123,2000
4026,23.89855921049276,2000
4027,22.748887467157154,2000
4028,22.20044264670096,2000
4029,21.64113244606151,2000
4030,21.07205283286255,1000
4031,20.7234771377162,1000
4032,20.50453510451266,1000
4033,20.348809114159494,1000
4034,20.19202432938101,1000
4035,20.05305721771873,1000
4036,19.952284958015326,1000
4037,19.913915617283664,1000
4038,19.998700829068053,1000
4039,22.20013549656713,2000
4040,22.199593399204808,2000
4041,22.4515526487855,2000
4042,23.746617273682496,2000
4043,23.898348091177485,2000
4044,23.89843900313659,2000
4045,23.81696295384753,2000
4046,23.89858632486554,2000
4047,23.898208714140058,2000
4048,23.89827654780742,2000
4049,23.898570104197322,2000
4050,23.898618502216852,2000
4051,22.50885731059301,2000
4052,22.201392586313066,2000
4053,21.33192349019251,1000
4054,20.724502088838797,1000
4055,20.450754895824,1000
4056,20.26752969952642,1000
4057,20.162567104740745,1000
4058,20.175323074859282,1000
4059,20.17237941422686,1000
4060,20.163246793173894,1000
4061,20.20736903228001,1000
4062,20.36957342904299,1000
4063,22.200500883763038,2000
4064,22.200652502751026,2000
4065,23.420876480436377,2000
4066,23.898239816998817,2000
4067,23.89813548151738,2000
4068,23.898442593560187,2000
4069,23.8990715433653,2000
4070,23.8986993241118,2000
4071,23.898337988770713,2000
4072,23.898389977547065,2000
4073,23.89851302593563,2000
4074,23.898500473862907,2000
4075,23.720119569085526,2000
4076,22.450239259967734,2000
4077,23.027069050550523,2000
4078,22.644884464594547,2000
4079,22.372874064775267,2000
4080,22.13767740387967,2000
4081,22.01452708097003,2000
4082,21.891807749490837,2000
4083,21.79204291900006,2000
4084,21.72078597422814,2000
4085,21.727726704102135,2000
4086,21.919682676574546,2000
4087,22.201082054659967,2000
4088,22.20061031240499,2000
4089,23.898645768396015,2000
4090,23.898128110663865,2000
4091,23.89811280202377,2000
4092,23.898511678429948,2000
4093,23.89917813953228,2000
4094,23.898685492279366,2000
4095,23.89837566846402,2000
4096,23.89842243295912,2000
4097,23.898453540264867,2000
4098,23.898495548429725,2000
4099,23.836335609425298,2000
4100,22.51549721781672,2000
4101,22.846694164498917,2000
4102,22.281659513140237,2000
4103,21.868994434086865,2000
4104,21.634528359696752,2000
4105,21.370965766178383,1000
4106,21.173715630528918,1000
4107,21.095468091256866,1000
4108,21.00542916257592,1000
4109,20.96957692559644,1000
4110,21.267404653189665,1000
4111,22.20068983529049,2000
4112,22.199729044846947,2000
4113,23.895732834639873,2000
4114,23.898167965481903,2000
4115,23.898138041831658,2000
4116,23.898526580210213,2000
4117,23.899170945088724,2000
4118,23.8987073577245,2000
4119,23.8983250324681,2000
4120,23.898342619655768,2000
4121,23.898480612394987,2000
4122,23.89851248637933,2000
4123,23.87346173941448,2000
4124,22.583120769951986,2000
4125,23.039968210347656,2000
4126,22.48128760782023,2000
4127,22.03013664231357,2000
4128,21.614267616263568,2000
4129,21.529333809121503,2000
4130,21.33558347056195,1000
4131,21.15184133717619,1000
4132,20.951278279530563,1000
4133,20.85585718545213,1000
4134,21.174692507371304,1000
4135,21.791486287892013,2000
4136,22.55084131476176,2000
4137,23.13549820629683,2000
4138,23.712675390035344,2000
4139,24.155684271941766,2000
4140,24.404140224740697,2000
4141,24.630146214606743,2000
4142,24.817681468757115,2000
4143,25.128291712508606,2000
4144,25.215564502356997,2000
4145,24.80603233498118,2000
4146,24.310545618894587,2000
4147,23.555784825594568,2000
4148,22.680578231509116,2000
4149,21.98079495136261,2000
4150,21.457686883263698,1000
4151,21.032385357303735,1000
4152,20.722306436396728,1000
4153,20.481562062082094,1000
4154,20.30274675681084,1000
4155,20.147296147783063,1000
4156,19.99367662168334,1000
4157,19.907615118582285,1000
4158,19.92015453573193,1000
4159,20.053252359153817,1000
4160,20.252493486314673,1000
4161,20.59671019794591,1000
4162,21.286102190546707,1000
4163,21.878931087656557,2000
4164,22.299737771768537,2000
4165,22.662197663210975,2000
4166,22.817699399040556,2000
4167,22.828506887970406,2000
4168,22.82316945314047,2000
4169,22.510268108408106,2000
4170,21.99769291887675,2000
4171,21.52390026777731,2000
4172,21.05217547093944,1000
4173,20.69823532439559,1000
4174,20.48525165286152,1000
4175,20.347369264734507,1000
4176,20.22767101285829,1000
4177,19.93190588064175,1000
4178,19.78185150109113,1000
4179,19.652640409062442,1000
4180,19.514886933756546,1000
4181,19.457661231318628,1000
4182,19.689729479469644,1000
4183,22.20227292636997,2000
4184,22.20056059516666,2000
4185,22.91752492195706,2000
4186,23.89889229605091,2000
4187,23.89810440173992,2000
4188,23.89838795650685,2000
4189,23.899093600280708,2000
4190,23.89869867689416,2000
4191,23.898333561642943,2000
4192,23.89827962831326,2000
4193,23.898337436726038,2000
4194,23.898242026807587,2000
4195,23.149139262500746,2000
4196,22.201365866164636,2000
4197,21.629677358154385,2000
4198,20.84062062261221,1000
4199,20.39407464320496,1000
4200,20.057221205041024,1000
4201,19.750326398248294,1000
4202,19.512801023987297,1000
4203,19.33964817714898,1000
4204,19.1871190432158,1000
4205,19.162915665205404,1000
4206,19.508627027353704,1000
4207,22.19735796552903,2000
4208,22.199812556536695,2000
4209,23.30658786420225,2000
4210,23.89879137261901,2000
4211,23.8980658631505,2000
4212,23.898571010488197,2000
4213,23.89914057125604,2000
4214,23.898747940770512,2000
4215,23.89832357789766,2000
4216,23.898326949237198,2000
4217,23.898243588388347,2000
4218,23.898142787091167,2000
4219,23.585426285577746,2000
4220,22.203358505901164,2000
4221,22.266654661453703,2000
4222,21.61285652000762,2000
4223,21.088604612481532,1000
4224,20.67145532052286,1000
4225,20.40329561967236,1000
4226,20.18937003284439,1000
4227,20.007484888251128,1000
4228,19.85797700833847,1000
4229,19.81952565033866,1000
4230,20.08281352704512,1000
4231,22.19937058144539,2000
4232,22.19932318069101,2000
4233,23.451036709256176,2000
4234,23.898382375836356,2000
4235,23.898093784037115,2000
4236,23.898471690719752,2000
4237,23.899127593257802,2000
4238,23.89870655463998,2000
4239,23.898299315009012,2000
4240,23.898296682162812,2000
4241,23.898434981269887,2000
4242,23.898502951207195,2000
4243,23.87300554974211,2000
4244,22.546317314559744,2000
4245,22.92463203968335,2000
4246,22.325609117761488,2000
4247,21.97728656710575,2000
4248,21.700152656444832,2000
4249,21.493010073592167,1000
4250,21.322241197839066,1000
4251,21.191859506764594,1000
4252,21.042494313024495,1000
4253,20.950680617019753,1000
4254,21.064607593811203,1000
4255,22.199726548971654,2000
4256,22.19964377856344,2000
4257,23.56375119149661,2000
4258,23.89827111209013,2000
4259,23.898084430018223,2000
4260,23.89848368560766,2000
4261,23.899110130086406,2000
4262,23.89868712034896,2000
4263,23.898328759614667,2000
4264,23.898378479963284,2000
4265,23.89847808019631,2000
4266,23.898481430725337,2000
4267,23.882840027244324,2000
4268,22.59429981676924,2000
4269,23.039497603037056,2000
4270,22.470702515852057,2000
4271,22.01166422355275,2000
4272,21.65889482208341,2000
4273,21.394151686237098,1000
4274,21.184997773780594,1000
4275,21.02964401118313,1000
4276,20.91697792062562,1000
4277,20.89813185379156,1000
4278,21.108107784915504,1000
4279,22.200351703375542,2000
4280,22.199444511935507,2000
4281,23.894333207664445,2000
4282,23.897994741779435,2000
4283,23.89810810161876,2000
4284,23.89851598452538,2000
4285,23.89918315009145,2000
4286,23.89870272107737,2000
4287,23.898363284026292,2000
4288,23.898373650341455,2000
4289,23.898444767789563,2000
4290,23.89854373760227,2000
4291,23.75997152936906,2000
4292,22.428963451225716,2000
4293,22.804391461959604,2000
4294,22.318645481656617,2000
4295,21.849633643949105,2000
4296,21.4786800291581,1000
4297,21.480906494016647,1000
4298,21.203422806378466,1000
4299,20.97296689231491,1000
4300,20.975468469985913,1000
4301,21.103248509926903,1000
4302,21.13752673168644,1000
4303,21.445920920956176,1000
4304,21.89894443139015,2000
4305,22.45677593909616,2000
4306,23.069273366205707,2000
4307,23.75968614655732,2000
4308,23.5985061937455,2000
4309,23.219205912731624,2000
4310,23.066465220284236,2000
4311,23.046343498671842,2000
4312,23.13933174117686,2000
4313,23.042852201335734,2000
4314,22.645169364395247,2000
4315,22.158615803540254,2000
4316,21.75840741742777,2000
4317,21.51686370246163,2000
4318,21.347304124449256,1000
4319,21.220746754701217,1000
4320,21.106765545523256,1000
4321,20.95423832357302,1000
4322,20.777564083706398,1000
4323,20.536059770565757,1000
4324,20.38224566768209,1000
4325,20.270907735782558,1000
4326,20.406453851462665,1000
4327,21.09993685687186,1000
4328,22.050324126890338,2000
4329,22.739036463920602,2000
4330,23.41560347787148,2000
4331,24.180304124671736,2000
4332,24.63602798390353,2000
4333,24.968657694610325,2000
4334,25.214182684406858,2000
4335,25.422336340920896,2000
4336,24.883938370147956,2000
4337,24.663718613860652,2000
4338,24.12097794865036,2000
4339,23.37324012153546,2000
4340,22.669759142759293,2000
4341,22.186493716003355,2000
4342,21.821317986136652,2000
4343,21.538198329516984,2000
4344,21.312161441294474,1000
4345,20.855920960118393,1000
4346,20.659188392407355,1000
4347,20.537797227502427,1000
4348,20.43720760028888,1000
4349,20.39929149033905,1000
4350,20.46110258721674,1000
4351,22.199913527350365,2000
4352,22.19942647662977,2000
4353,22.85057425097474,2000
4354,23.898134566257895,2000
4355,23.898021897234745,2000
4356,23.898404239618397,2000
4357,23.89907192126641,2000
4358,23.898784765598954,2000
4359,23.89850075497234,2000
4360,23.898612837858206,2000
4361,23.879813366983278,2000
4362,23.727078800265602,2000
4363,22.418504664706578,2000
4364,22.200240459618403,2000
4365,21.593904472004514,2000
4366,21.1407791141277,1000
4367,20.881225137425716,1000
4368,20.70613833171829,1000
4369,20.602350612310538,1000
4370,20.525650780440984,1000
4371,20.469240742561688,1000
4372,20.425503638574966,1000
4373,20.439259567111584,1000
4374,20.583743386347074,1000
4375,22.20171542587737,2000
4376,22.19961839950958,2000
4377,23.073982015356876,2000
4378,23.89837165583545,2000
4379,23.898013695233626,2000
4380,23.89835133459978,2000
4381,23.89905179645815,2000
4382,23.898699872585485,2000
4383,23.898351921946688,2000
4384,23.898342614800033,2000
4385,23.898466796654628,2000
4386,23.89854840918351,2000
4387,23.360093418559718,2000
4388,22.200694210469774,2000
4389,22.078845051240087,2000
4390,21.455280359592887,1000
4391,20.9936734066382,1000
4392,20.672145194159512,1000
4393,20.40402364333198,1000
4394,20.21316547847833,1000
4395,20.04903440544658,1000
4396,19.913138482024692,1000
4397,19.88818343142492,1000
4398,20.103253825726462,1000
4399,22.20185718166912,2000
4400,22.200101210952937,2000
4401,23.19958009005095,2000
4402,23.898369701263498,2000
4403,23.897959775649312,2000
4404,23.898468646657225,2000
4405,23.8991172759713,2000
4406,23.898714169411992,2000
4407,23.898348854708633,2000
4408,23.898357888298165,2000
4409,23.898478454488696,2000
4410,23.898515266715545,2000
4411,23.60372937257769,2000
4412,22.211380275595697,2000
4413,22.586358253394376,2000
4414,22.06705206141785,2000
4415,21.703536258802217,2000
4416,21.41384128378853,1000
4417,21.125515259665633,1000
4418,20.872236027138356,1000
4419,20.663968716458818,1000
4420,20.574823924742137,1000
4421,20.578658006333914,1000
4422,20.828000458633106,1000
4423,22.199879447170893,2000
4424,22.200994037007348,2000
4425,23.79543746506445,2000
4426,23.898110346662094,2000
4427,23.898120955907757,2000
4428,23.898487040663355,2000
4429,23.89912758434041,2000
4430,23.898687339832737,2000
4431,23.898294196169328,2000
4432,23.898317622947925,2000
4433,23.898445581506202,2000
4434,23.89852353240547,2000
4435,23.899249041280044,2000
4436,22.765241180141825,2000
4437,23.34539538902495,2000
4438,22.957146957927204,2000
4439,22.72468584424062,2000
4440,22.482520937986862,2000
4441,22.308657042866436,2000
4442,22.184226873829793,2000
4443,22.063509914422482,2000
4444,21.968972639972723,2000
4445,21.961574457480985,2000
4446,22.10032131652703,2000
4447,22.199991996788825,2000
4448,22.199195215397094,2000
4449,23.898952974688736,2000
4450,23.89806390016745,2000
4451,23.898137522136977,2000
4452,23.898545877290584,2000
4453,23.89916480105031,2000
4454,23.89868201256861,2000
4455,23.898302047170812,2000
4456,23.898351245063473,2000
4457,23.898422250652736,2000
4458,23.898497458982092,2000
4459,23.899324285535588,2000
4460,22.92832854907042,2000
4461,23.527974364902338,2000
4462,23.11663066662953,2000
4463,22.864107553729482,2000
4464,22.6174319161467,2000
4465,22.732886253884196,2000
4466,22.68313344450098,2000
4467,22.471371350806933,2000
4468,22.228734632226036,2000
4469,22.105703835342993,2000
4470,22.335593884132884,2000
4471,22.866702581830605,2000
4472,23.51471183224995,2000
4473,24.202692541926893,2000
4474,24.7957016908783,2000
4475,25.33488089378013,2000
4476,25.780697194564592,2000
4477,26.227452852177134,2000
4478,26.606633810370525,2000
4479,26.828854800239924,2000
4480,26.864557945166354,2000
4481,26.703039751802987,2000
4482,26.19758527179502,2000
4483,24.98840717183881,2000
4484,23.976960750336673,2000
4485,23.27491069096699,2000
4486,22.648851690057235,2000
4487,22.339797526477785,2000
4488,22.149526148570963,2000
4489,21.989968530912865,2000
4490,21.855248982052615,2000
4491,21.786057185450833,2000
4492,21.722327476926008,2000
4493,21.679409191193592,2000
4494,21.77883078242939,2000
4495,22.00707283366774,2000
4496,22.401537122770307,2000
4497,23.161148618070044,2000
4498,23.714797549933245,2000
4499,24.453238217510055,2000
4500,25.0998944267306,2000
4501,25.400888553039714,2000
4502,25.26583375144122,2000
4503,25.008724491790886,2000
4504,24.667488778402863,2000
4505,24.158847385183073,2000
4506,23.737511885154586,2000
4507,23.341274816466505,2000
4508,22.951946390133248,2000
4509,22.672343161976524,2000
4510,22.40517769028778,2000
4511,22.166153588155762,2000
4512,22.00063782218786,2000
4513,21.552450819680516,2000
4514,21.29061243316053,1000
4515,21.04721501380773,1000
4516,20.881193096871346,1000
4517,20.729386341069045,1000
4518,20.85578639359816,1000
4519,22.199580928632137,2000
4520,22.19897216136662,2000
4521,23.566072341562474,2000
4522,23.898083954753435,2000
4523,23.898031493847704,2000
4524,23.898546786802807,2000
4525,23.899241252554173,2000
4526,23.898766664188734,2000
4527,23.898328505272147,2000
4528,23.898294657465485,2000
4529,23.898418936816096,2000
4530,23.898506707355292,2000
4531,23.62042513710544,2000
4532,22.37803208489819,2000
4533,22.873494320504015,2000
4534,22.439307136986525,2000
4535,22.174960889722474,2000
4536,21.917296585261823,2000
4537,21.663328676339653,2000
4538,21.483650182765256,1000
4539,21.388172932362387,1000
4540,21.28224593096604,1000
4541,21.243431438251417,1000
4542,21.344347257062203,1000
4543,22.200151186504943,2000
4544,22.19890223484729,2000
4545,23.182417015442894,2000
4546,23.8982510359192,2000
4547,23.89803175991668,2000
4548,23.898413800664933,2000
4549,23.89906130286005,2000
4550,23.898684817707803,2000
4551,23.89832863182944,2000
4552,23.89837303334974,2000
4553,23.89847873436077,2000
4554,23.89856508695791,2000
4555,23.253730206706173,2000
4556,22.201161736704606,2000
4557,22.078003141106652,2000
4558,21.423599618378013,1000
4559,20.967043563645476,1000
4560,20.643883396370803,1000
4561,20.447756810119657,1000
4562,20.33068833991271,1000
4563,20.217568457675192,1000
4564,20.161038497036508,1000
4565,20.18056833294395,1000
4566,20.33773537001779,1000
4567,22.200831876742484,2000
4568,22.19978582985704,2000
4569,23.170240831180603,2000
4570,23.898317031819314,2000
4571,23.898146904849863,2000
4572,23.898489544957734,2000
4573,23.89902158545642,2000
4574,23.898748324090413,2000
4575,23.898479612232126,2000
4576,23.898473392747903,2000
4577,23.898511891320226,2000
4578,23.89851856815835,2000
4579,22.991886046676207,2000
4580,22.201166441873465,2000
4581,22.245167276793346,2000
4582,21.879603044493972,2000
4583,21.632027306805863,2000
4584,21.424805146367095,1000
4585,21.278266087901223,1000
4586,21.173006592594085,1000
4587,21.094488438208206,1000
4588,21.034350799411868,1000
4589,21.028679987567617,1000
4590,21.149119290743702,1000
4591,22.19996748706806,2000
4592,22.201475518039388,2000
4593,23.08685636186111,2000
4594,23.89839752307317,2000
4595,23.89798660197418,2000
4596,23.898341448563684,2000
4597,23.899075013737693,2000
4598,23.898713312640034,2000
4599,23.898321425672297,2000
4600,23.898264817107894,2000
4601,23.898420960229746,2000
4602,23.898495185597437,2000
4603,23.59415886117489,2000
4604,22.290080104468597,2000
4605,22.839708791446057,2000
4606,22.412235675176245,2000
4607,22.019056329013985,2000
4608,21.803083685300848,2000
4609,21.603157694224826,2000
4610,21.350711222498006,1000
4611,21.1326798940862,1000
4612,20.95360502233803,1000
4613,20.905409294111315,1000
4614,21.065878380560566,1000
4615,22.20159154719813,2000
4616,22.199773507012555,2000
4617,23.12905431319807,2000
4618,23.898153882130014,2000
4619,23.898042143444528,2000
4620,23.898386341930067,2000
4621,23.899057400062677,2000
4622,23.8986610495002,2000
4623,23.898380962809515,2000
4624,23.898422087764278,2000
4625,23.89842057655992,2000
4626,23.898492087044698,2000
4627,23.605402155046313,2000
4628,22.294552714065137,2000
4629,22.824661849341897,2000
4630,22.393606734299745,2000
4631,22.117439445260715,2000
4632,21.85329153147436,2000
4633,21.89302079591777,2000
4634,21.726373941819094,2000
4635,21.535727828055652,2000
4636,21.36017809986195,1000
4637,21.252604631092925,1000
4638,21.44460578114309,1000
4639,21.953826801297385,2000
4640,22.67835359217525,2000
4641,23.454975980609237,2000
4642,24.107161386671596,2000
4643,24.65022649724171,2000
4644,25.136867128636574,2000
4645,25.498178316863697,2000
4646,25.765329907418284,2000
4647,25.9880439160262,2000
4648,26.044492061271235,2000
4649,25.882033191950963,2000
4650,25.390737169646393,2000
4651,24.678261948972587,2000
4652,23.90072538418857,2000
4653,23.250504403133974,2000
4654,22.7455433616317,2000
4655,22.295269318555707,2000
4656,21.93389854769909,2000
4657,21.674284554923858,2000
4658,21.45505076232937,1000
4659,21.254539322540335,1000
4660,21.11298482629977,1000
4661,21.11629826797044,1000
4662,21.34742631669255,1000
4663,21.779593371442147,2000
4664,22.39690009770966,2000
4665,23.057851168441736,2000
4666,23.684963615768694,2000
4667,24.218049262895512,2000
4668,24.519227505256353,2000
4669,24.769776728861086,2000
4670,24.948267784671394,2000
4671,25.202438442456483,2000
4672,25.260766940295685,2000
4673,24.934082857452164,2000
4674,24.427246927137034,2000
4675,23.76780159178771,2000
4676,23.135746257065705,2000
4677,22.608584760168394,2000
4678,22.27326133926055,2000
4679,22.038405627130327,2000
4680,21.89752029485927,2000
4681,21.44610646104255,1000
4682,21.2465384255166,1000
4683,21.06338410350866,1000
4684,20.899083929657206,1000
4685,20.831622743777903,1000
4686,21.080891423198075,1000
4687,22.199952546713163,2000
4688,22.200768030129392,2000
4689,23.82957347837653,2000
4690,23.89798798853803,2000
4691,23.898048839165213,2000
4692,23.89846769768634,2000
4693,23.89916011302279,2000
4694,23.898685354652077,2000
4695,23.898339064422935,2000
4696,23.898392006922386,2000
4697,23.898545011896932,2000
4698,23.898571533550594,2000
4699,23.878646970773097,2000
4700,22.422054050676458,2000
4701,22.862465430932648,2000
4702,22.46721601817284,2000
4703,22.315639382866497,2000
4704,22.211739442823486,2000
4705,21.948629004165596,2000
4706,21.711110365100154,2000
4707,21.65307490128542,2000
4708,21.61413451231389,2000
4709,21.62048235213033,2000
4710,21.939268092913885,2000
4711,22.200169024118345,2000
4712,22.20064286506209,2000
4713,23.898908419622597,2000
4714,23.898051202353624,2000
4715,23.898153687862756,2000
4716,23.898524988653282,2000
4717,23.899167339856806,2000
4718,23.898671634676493,2000
4719,23.898317241588785,2000
4720,23.898346729364278,2000
4721,23.89843074816543,2000
4722,23.898504850307265,2000
4723,23.89928751301689,2000
4724,23.093640201902232,2000
4725,23.766090790273704,2000
4726,23.33180756880974,2000
4727,23.01743164182148,2000
4728,22.72388005569717,2000
4729,22.48412227090463,2000
4730,22.276425170471523,2000
4731,22.087240659006547,2000
4732,21.923445662334576,2000
4733,21.807791762319614,2000
4734,21.992433660875058,2000
4735,22.19988577934625,2000
4736,22.199852154901976,2000
4737,23.8988490284996,2000
4738,23.89800390407512,2000
4739,23.8981405563965,2000
4740,23.898509779808684,2000
4741,23.899208386725835,2000
4742,23.898695711350808,2000
4743,23.898324352456136,2000
4744,23.898380881379694,2000
4745,23.898484737261843,2000
4746,23.898555062954685,2000
4747,23.89924735617305,2000
4748,22.963350629302408,2000
4749,23.641594288633666,2000
4750,23.172244266241254,2000
4751,22.828302101813854,2000
4752,22.59079492614807,2000
4753,22.394851906890075,2000
4754,22.21011144263946,2000
4755,22.075372014498555,2000
4756,21.94120197174247,2000
4757,21.850272848903614,2000
4758,22.044477985970822,2000
4759,22.20024612964736,2000
4760,22.19973470587427,2000
4761,23.898961944581366,2000
4762,23.89802398030101,2000
4763,23.898149096547456,2000
4764,23.89853385393983,2000
4765,23.899197256345303,2000
4766,23.89870170244596,2000
4767,23.898317606082497,2000
4768,23.89832999014664,2000
4769,23.898475830886163,2000
4770,23.898523295020823,2000
4771,23.899287243708002,2000
4772,22.999994743740086,2000
4773,23.66462571461843,2000
4774,23.218154022812048,2000
4775,22.91039933384387,2000
4776,22.65919032048595,2000
4777,22.443323679730973,2000
4778,22.214223518433236,2000
4779,22.049978003901355,2000
4780,21.902305862976345,2000
4781,21.80613321660969,2000
4782,21.993268928922195,2000
4783,22.200237530245154,2000
4784,22.20067119308009,2000
4785,23.898936793659715,2000
4786,23.898007804488685,2000
4787,23.898131230495004,2000
4788,23.898520690848642,2000
4789,23.89920196547316,2000
4790,23.898687902549135,2000
4791,23.898331751590213,2000
4792,23.89836854931091,2000
4793,23.8985022623645,2000
4794,23.898533813653643,2000
4795,23.89925908651805,2000
4796,22.724201660998666,2000
4797,23.246804230972756,2000
4798,22.76868436912689,2000
4799,22.47280817710481,2000
4800,22.282625479087116,2000
4801,22.412810592997225,2000
4802,22.32959165978216,2000
4803,22.219130841609417,2000
4804,22.10304042243552,2000
4805,22.013385449091917,2000
4806,22.153650744370083,2000
4807,22.597883416590214,2000
4808,23.290701244861765,2000
4809,24.002939527947113,2000
4810,24.661441891001843,2000
4811,25.24378714515748,2000
4812,25.700667463252348,2000
4813,25.996353130291496,2000
4814,26.21710064094661,2000
4815,26.415729106353773,2000
4816,26.508003075412105,2000
4817,26.191614741824672,2000
4818,25.621354186119156,2000
4819,24.787188139221183,2000
4820,24.001809310000276,2000
4821,23.368618796536865,2000
4822,22.839932679756238,2000
4823,22.428133614658936,2000
4824,22.128903649232868,2000
4825,21.875511876257146,2000
4826,21.66644342432813,2000
4827,21.47907587735986,1000
4828,21.3018504920427,1000
4829,21.23730004843982,1000
4830,21.456255977980447,1000
4831,21.98338178006587,2000
4832,22.638304195699906,2000
4833,23.32014682602474,2000
4834,24.003653606115968,2000
4835,24.50924170811763,2000
4836,25.05321188329988,2000
4837,25.442562456332357,2000
4838,25.638854611713132,2000
4839,25.5474725088147,2000
4840,25.1938493816282,2000
4841,24.46280830011548,2000
4842,23.917618948934113,2000
4843,23.552249847701265,2000
4844,23.0522031678638,2000
4845,22.6779127410522,2000
4846,22.401097885022214,2000
4847,22.2024790375234,2000
4848,21.95508389067983,2000
4849,21.43081038641512,1000
4850,21.15913266926301,1000
4851,20.972945738157303,1000
4852,20.84068925335262,1000
4853,20.749250081628613,1000
4854,20.97282662116008,1000
4855,22.20060667823952,2000
4856,22.199279500222623,2000
4857,23.89459958478101,2000
4858,23.89801893104451,2000
4859,23.898163617126492,2000
4860,23.898508370523984,2000
4861,23.899159784763988,2000
4862,23.898716668872968,2000
4863,23.89830244851255,2000
4864,23.89838936715486,2000
4865,23.898481985177433,2000
4866,23.898535542279607,2000
4867,23.838702719185413,2000
4868,22.566819640972426,2000
4869,23.05624689798696,2000
4870,22.52039106029173,2000
4871,22.116929054309352,2000
4872,21.73955132230559,2000
4873,21.437387910598773,1000
4874,21.161940748796503,1000
4875,20.960839962654063,1000
4876,20.785990391550897,1000
4877,20.694777706833342,1000
4878,20.882975156249408,1000
4879,22.201201297082775,2000
4880,22.19996031681041,2000
4881,23.8945273068578,2000
4882,23.898072155327984,2000
4883,23.898124274074625,2000
4884,23.898517437883083,2000
4885,23.899190036296773,2000
4886,23.898707467757614,2000
4887,23.898394268907424,2000
4888,23.898333653144853,2000
4889,23.89846874558439,2000
4890,23.89852919251338,2000
4891,23.899240226494296,2000
4892,22.680684541320108,2000
4893,23.191490673100787,2000
4894,22.74494587738106,2000
4895,22.436276635528415,2000
4896,22.150194275849906,2000
4897,21.913098977304557,2000
4898,21.742975850601233,2000
4899,21.583330119722834,2000
4900,21.500138922872548,2000
4901,21.471729783551616,1000
4902,21.623348877212006,2000
4903,22.20030447366536,2000
4904,22.19940719198075,2000
4905,23.898910002170616,2000
4906,23.898096988472073,2000
4907,23.898127537460827,2000
4908,23.89849447154362,2000
4909,23.899163633131487,2000
4910,23.898679785856515,2000
4911,23.898328947692583,2000
4912,23.898347192562735,2000
4913,23.89843943026893,2000
4914,23.898492917668193,2000
4915,23.899323805664185,2000
4916,22.88406419675262,2000
4917,23.49192750693466,2000
4918,23.149003184558378,2000
4919,22.86850391233103,2000
4920,22.67046128237638,2000
4921,22.438156740032184,2000
4922,22.300423710874043,2000
4923,22.062281808047217,2000
4924,21.884577541430808,2000
4925,21.71137027678005,2000
4926,21.617499489181554,2000
4927,22.20078276238189,2000
4928,22.20134276436373,2000
4929,23.609757601058547,2000
4930,23.898235488816848,2000
4931,23.898092925351136,2000
4932,23.89841441965054,2000
4933,23.899072556716472,2000
4934,23.898643489768308,2000
4935,23.89830159922598,2000
4936,23.898296450962405,2000
4937,23.89843217764462,2000
4938,23.898541552350505,2000
4939,23.762648236570886,2000
4940,22.347135469721522,2000
4941,22.74945780685814,2000
4942,22.23870579929217,2000
4943,21.855736461443144,2000
4944,21.54712095723183,2000
4945,21.327838938996006,1000
4946,21.134246734500955,1000
4947,20.928866595869252,1000
4948,20.810770799702343,1000
4949,20.767162104462628,1000
4950,21.019064553198806,1000
4951,22.200689037515392,2000
4952,22.201103435372847,2000
4953,23.66097184436913,2000
4954,23.898054309546797,2000
4955,23.89809225509977,2000
4956,23.89849543246595,2000
4957,23.89912579626518,2000
4958,23.898679424650044,2000
4959,23.898345908114518,2000
4960,23.898393674323252,2000
4961,23.89847583324697,2000
4962,23.898467961406116,2000
4963,23.801458073044277,2000
4964,22.38877766257018,2000
4965,22.803663025118656,2000
4966,22.28846072598694,2000
4967,21.859008660814304,2000
4968,21.553229190876124,2000
4969,21.63709823356073,2000
4970,21.462956921053266,1000
4971,21.321109165333326,1000
4972,21.245426200685174,1000
4973,21.13172643914972,1000
4974,21.413014830928155,1000
4975,22.045014017619415,2000
4976,22.835268834950988,2000
4977,23.635637762637742,2000
4978,24.362396045188994,2000
4979,24.979571630562283,2000
4980,25.510033457965825,2000
4981,25.93234033852353,2000
4982,26.284263743902837,2000
4983,26.569457615617516,2000
4984,26.742470079168054,2000
4985,26.555359379139006,2000
4986,26.101799195335776,2000
4987,25.348689761728266,2000
4988,24.58172250248645,2000
4989,24.045590602111865,2000
4990,23.640186031064562,2000
4991,23.325991521424694,2000
4992,23.055623221410567,2000
4993,22.511976665705404,2000
4994,22.09545822271736,2000
4995,21.830009497028573,2000
4996,21.651943979902068,2000
4997,21.551642338429634,2000
4998,21.619811523944406,2000
4999,22.095392280223308,2000
5000,22.68471712103435,2000
5001,23.148644898981033,2000
5002,23.726049182368868,2000
5003,24.357736724695737,2000
5004,25.090207519973635,2000
5005,25.493502455694742,2000
5006,25.635139894184654,2000
5007,25.870213107936266,2000
5008,25.854035798081906,2000
5009,25.681898878751262,2000
5010,25.235022414161037,2000
5011,24.5364932694967,2000
5012,23.71015320014211,2000
5013,23.107895765353472,2000
5014,22.670857111212882,2000
5015,22.26182995522123,2000
5016,21.96558329590103,2000
5017,21.520448844036753,2000
5018,21.325185658860818,1000
5019,21.16903729281564,1000
5020,21.065459234745592,1000
5021,20.994748192827583,1000
5022,21.18260771272756,1000
5023,22.20057446662588,2000
5024,22.199746920763193,2000
5025,23.73436747054197,2000
5026,23.898076797257772,2000
5027,23.89806112891673,2000
5028,23.898476545795923,2000
5029,23.89913659011817,2000
5030,23.89868265023237,2000
5031,23.89829614368418,2000
5032,23.898314467347028,2000
5033,23.89843445724795,2000
5034,23.898526092106042,2000
5035,23.84238903273052,2000
5036,22.44022512033832,2000
5037,22.814453385513893,2000
5038,22.266847615073008,2000
5039,21.761785806881676,2000
5040,21.37186198595856,1000
5041,21.097599680363377,1000
5042,20.895077686651234,1000
5043,20.63590965104284,1000
5044,20.509776808583396,1000
5045,20.41112869330532,1000
5046,20.477412509364292,1000
5047,22.2016315059413,2000
5048,22.200856974224,2000
5049,23.514207117116207,2000
5050,23.89807867319634,2000
5051,23.89798993970815,2000
5052,23.898454231553487,2000
5053,23.899150969561436,2000
5054,23.898705907758007,2000
5055,23.898348702756625,2000
5056,23.898377053514402,2000
5057,23.898505210455408,2000
5058,23.898498923332387,2000
5059,23.832234219494786,2000
5060,22.533273774246585,2000
5061,23.03761011378365,2000
5062,22.567362337581645,2000
5063,22.176841102162253,2000
5064,21.86694216108798,2000
5065,21.52024141809335,2000
5066,21.36724885713936,1000
5067,21.265393984984367,1000
5068,21.171622593544242,1000
5069,21.0074449424855,1000
5070,21.16038188833334,1000
5071,22.200071795329666,2000
5072,22.199711397019453,2000
5073,23.894186722318338,2000
5074,23.898006871867732,2000
5075,23.89806669547734,2000
5076,23.898486483797356,2000
5077,23.899167072614194,2000
5078,23.898702072301123,2000
5079,23.898450299080704,2000
5080,23.898421625428096,2000
5081,23.898587955400565,2000
5082,23.898517704083662,2000
5083,23.6095746032577,2000
5084,22.338979324683375,2000
5085,22.85985114225626,2000
5086,22.401091521077152,2000
5087,22.05798633473157,2000
5088,21.76124459965212,2000
5089,21.508234508732674,2000
5090,21.305032637229903,1000
5091,21.1256474618671,1000
5092,20.939527201748074,1000
5093,20.817271112337192,1000
5094,20.886830935668733,1000
5095,22.200138391306673,2000
5096,22.199779959573025,2000
5097,23.53547617102132,2000
5098,23.898127867143188,2000
5099,23.898051129307422,2000
5100,23.898470384349178,2000
5101,23.899149790003552,2000
5102,23.8987154832862,2000
5103,23.898343435592007,2000
5104,23.898265986552115,2000
5105,23.89842039140012,2000
5106,23.898488487137865,2000
5107,23.899270132074854,2000
5108,22.61313481485428,2000
5109,23.055799148762578,2000
5110,22.34776951321859,2000
5111,21.883661490030605,2000
5112,21.527108049143738,2000
5113,21.238215692042,1000
5114,20.99223282132088,1000
5115,20.851383047621354,1000
5116,20.735885180718846,1000
5117,20.711687937135732,1000
5118,20.837252725488582,1000
5119,22.19995827810972,2000
5120,22.200990711161356,2000
5121,23.87562013388041,2000
5122,23.898016473384722,2000
5123,23.89806850217964,2000
5124,23.898521140722412,2000
5125,23.899177527034134,2000
5126,23.89871368265094,2000
5127,23.898310271095784,2000
5128,23.898309755278817,2000
5129,23.898424200761355,2000
5130,23.89852610102609,2000
5131,23.89932978826928,2000
5132,22.686100506876585,2000
5133,23.148275970446655,2000
5134,22.6646296828883,2000
5135,22.3343299370836,2000
5136,22.05913754559897,2000
5137,22.127083618573426,2000
5138,22.036119586981027,2000
5139,21.921621129272314,2000
5140,21.86324555630854,2000
5141,21.83130369289017,2000
5142,22.034518694109483,2000
5143,22.567146213900795,2000
5144,23.302719182857267,2000
5145,24.059660461342276,2000
5146,24.74746235606485,2000
5147,25.422427444800704,2000
5148,25.904015541877726,2000
5149,26.258179590261545,2000
5150,26.54873944051198,2000
5151,26.71860379833904,2000
5152,26.836558745486254,2000
5153,26.58566872803133,2000
5154,26.125088187913917,2000
5155,25.40243428866353,2000
5156,24.79654174426107,2000
5157,24.194808376344962,2000
5158,23.746824422798515,2000
5159,23.439044435715836,2000
5160,23.248422342226515,2000
5161,23.10723661281649,2000
5162,22.826574108365882,2000
5163,22.683144018399556,2000
5164,22.58815880402904,2000
5165,22.4883655360045,2000
5166,22.501788832465827,2000
5167,22.584963280227864,2000
5168,22.7499859262621,2000
5169,23.221226703693986,2000
5170,23.753640707283303,2000
5171,24.36138358494554,2000
5172,24.958137742711777,2000
5173,25.5521692967286,2000
5174,25.939675146701525,2000
5175,26.216784579201722,2000
5176,26.510303710689186,2000
5177,26.41302379017095,2000
5178,25.96064827303934,2000
5179,25.258904650947464,2000
5180,24.613908481277925,2000
5181,24.16323381144699,2000
5182,23.89217509709526,2000
5183,23.69220046614616,2000
5184,23.149749379314652,2000
5185,22.356456260126265,2000
5186,21.98157865631893,2000
5187,21.731912494609208,2000
5188,21.515574084911083,2000
5189,21.39827191024956,1000
5190,21.442596185324604,1000
5191,22.200380573261917,2000
5192,22.199149077877273,2000
5193,23.488248786255447,2000
5194,23.898029953738437,2000
5195,23.897997304130808,2000
5196,23.898486266620377,2000
5197,23.89917121457117,2000
5198,23.898745310687143,2000
5199,23.898254294069165,2000
5200,23.898264631350376,2000
5201,23.89838200641018,2000
5202,23.898460422225106,2000
5203,23.899329489022133,2000
5204,22.65192703399804,2000
5205,23.149584839657038,2000
5206,22.693017070787548,2000
5207,22.302833669552236,2000
5208,22.021435916970432,2000
5209,21.696983651482935,2000
5210,21.460990570876305,1000
5211,21.261097601590308,1000
5212,21.0503269877039,1000
5213,20.883548774422216,1000
5214,20.974673841470754,1000
5215,22.20055530873299,2000
5216,22.200111589825376,2000
5217,23.39499481353088,2000
5218,23.89840633022468,2000
5219,23.898365929806804,2000
5220,23.89853531728027,2000
5221,23.899003259348106,2000
5222,23.898720638249216,2000
5223,23.89849446038436,2000
5224,23.89839106835859,2000
5225,23.898404307250217,2000
5226,23.89220259942263,2000
5227,22.54921193150927,2000
5228,22.20079363429224,2000
5229,21.402730050527786,1000
5230,20.838616860735378,1000
5231,20.52052425458904,1000
5232,20.297882141395185,1000
5233,20.12929399456421,1000
5234,20.057098352713407,1000
5235,19.999157940472085,1000
5236,19.899036700318515,1000
5237,19.839409493715664,1000
5238,19.99743005685214,1000
5239,22.2001527684524,2000
5240,22.201133037564805,2000
5241,23.13254934303228,2000
5242,23.898697826626055,2000
5243,23.898460201939375,2000
5244,23.89849962444983,2000
5245,23.89897921825081,2000
5246,23.898949714898638,2000
5247,23.898490716524435,2000
5248,23.898367149131843,2000
5249,23.898460504899578,2000
5250,23.89852650791741,2000
5251,23.18159207939192,2000
5252,22.200773700838333,2000
5253,21.845522513482564,2000
5254,21.19425422846342,1000
5255,20.809132534375028,1000
5256,20.53565467326769,1000
5257,20.362182889513782,1000
5258,20.234998859425026,1000
5259,20.12081568851514,1000
5260,19.988604855545315,1000
5261,19.91179918811425,1000
5262,20.025121478130515,1000
5263,22.199987874330247,2000
5264,22.20024292244781,2000
5265,23.226529203650696,2000
5266,23.898813436587332,2000
5267,23.898051220485705,2000
5268,23.898488239290742,2000
5269,23.899148422914863,2000
5270,23.898767740966864,2000
5271,23.898390593709337,2000
5272,23.898388500498893,2000
5273,23.898518862346368,2000
5274,23.898536530066327,2000
5275,23.1284228470126,2000
5276,22.20134112572733,2000
5277,22.111987849162965,2000
5278,21.58396196283623,2000
5279,21.257119091961968,1000
5280,21.02495124560472,1000
5281,20.846711918302635,1000
5282,20.7724788160194,1000
5283,20.71231164502173,1000
5284,20.58166951321708,1000
5285,20.480068755698028,1000
5286,20.53220889048349,1000
5287,22.19938208733666,2000
5288,22.20006449135976,2000
5289,23.532327071086748,2000
5290,23.89813690831078,2000
5291,23.89802108151973,2000
5292,23.89849798101511,2000
5293,23.899177864241665,2000
5294,23.89868116070472,2000
5295,23.89841480681638,2000
5296,23.898443315073045,2000
5297,23.89852637476667,2000
5298,23.898557093980106,2000
5299,23.25053380397643,2000
5300,22.200390926454062,2000
5301,22.253603480034204,2000
5302,21.782371983055896,2000
5303,21.402941397856456,1000
5304,21.129593955094347,1000
5305,21.236187555862944,1000
5306,21.178376938945323,1000
5307,21.08910714610212,1000
5308,21.00855081143183,1000
5309,20.93455068691574,1000
5310,21.03142836240605,1000
5311,21.493025780048583,1000
5312,22.263846421103445,2000
5313,23.121331104123136,2000
5314,23.937984102816433,2000
5315,24.65664655447771,2000
5316,25.22272275480024,2000
5317,25.63215305610221,2000
5318,25.976366761909805,2000
5319,26.078214088174843,2000
5320,25.4153452141546,2000
5321,24.56771181698404,2000
5322,23.803690824238185,2000
5323,23.15921458662944,2000
5324,22.699957562488937,2000
5325,22.44838081337699,2000
5326,22.219961473071994,2000
5327,21.973416708800137,2000
5328,21.75551428179637,2000
5329,21.556955059222783,2000
5330,21.384148311319354,1000
5331,21.22213259939803,1000
5332,21.076892484274154,1000
5333,20.957661780451183,1000
5334,21.02026040745723,1000
5335,21.53831215646347,2000
5336,22.385312897688692,2000
5337,23.17840270535453,2000
5338,24.007808827151173,2000
5339,24.670936957751135,2000
5340,24.76155553382725,2000
5341,24.545930762419793,2000
5342,24.405915540780907,2000
5343,24.675186927205942,2000
5344,25.17770951894233,2000
5345,25.678534831470657,2000
5346,25.523242722145635,2000
5347,24.546691235586835,2000
5348,23.584591931985024,2000
5349,22.872609271928262,2000
5350,22.34469735622796,2000
5351,21.98461786850302,2000
5352,21.75143508438203,2000
5353,21.21359752938887,1000
5354,20.95724571848659,1000
5355,20.799051206246215,1000
5356,20.648414738532853,1000
5357,20.566580164490983,1000
5358,20.584059900651674,1000
5359,22.20078209627947,2000
5360,22.200604308398127,2000
5361,23.740778894391703,2000
5362,23.898113767693793,2000
5363,23.898029163028216,2000
5364,23.898501423837168,2000
5365,23.899153744136683,2000
5366,23.898877072429883,2000
5367,23.898489479909056,2000
5368,23.898418136005326,2000
5369,23.89861138457242,2000
5370,23.898615131537202,2000
5371,23.026247619840284,2000
5372,22.199605665531266,2000
5373,22.08407250278668,2000
5374,21.572965760075057,2000
5375,21.192646135194412,1000
5376,20.921644720477445,1000
5377,20.765232116921524,1000
5378,20.609093174097485,1000
5379,20.519836842875744,1000
5380,20.43808034643025,1000
5381,20.343451147760177,1000
5382,20.43985214157177,1000
5383,22.201396835908405,2000
5384,22.200034743708322,2000
5385,23.57075806388154,2000
5386,23.898130793533,2000
5387,23.898016615914987,2000
5388,23.898462558737652,2000
5389,23.899135574392123,2000
5390,23.898720939900485,2000
5391,23.89834038767957,2000
5392,23.89831147393317,2000
5393,23.898549889912246,2000
5394,23.898616341102755,2000
5395,23.34598149049087,2000
5396,22.199865299081047,2000
5397,22.417956132800665,2000
5398,22.04032629754298,2000
5399,21.7992379148425,2000
5400,21.62425057574604,2000
5401,21.495517806433824,1000
5402,21.39626268175655,1000
5403,21.319186413172975,1000
5404,21.19683092041406,1000
5405,21.073262438748944,1000
5406,21.067726055276175,1000
5407,22.20122657737166,2000
5408,22.201030975738753,2000
5409,23.22102262049087,2000
5410,23.8981675976026,2000
5411,23.898052447380625,2000
5412,23.898514896880915,2000
5413,23.899132001276207,2000
5414,23.89881922631767,2000
5415,23.898567147152782,2000
5416,23.898445629820934,2000
5417,23.898547015197316,2000
5418,23.898585548003588,2000
5419,22.758462582980716,2000
5420,22.200505195501883,2000
5421,22.08203563880309,2000
5422,21.65576898090804,2000
5423,21.3002797537633,1000
5424,21.011140049243835,1000
5425,20.826618861671356,1000
5426,20.719899564530728,1000
5427,20.64911043888013,1000
5428,20.570740662940835,1000
5429,20.567793805190156,1000
5430,20.641994480217402,1000
5431,22.20193223404235,2000
5432,22.20017953938609,2000
5433,23.32513404456817,2000
5434,23.898246850280998,2000
5435,23.89804663336131,2000
5436,23.89852122491523,2000
5437,23.89917820458199,2000
5438,23.898755374108937,2000
5439,23.898421574903896,2000
5440,23.898332615894688,2000
5441,23.89848530395599,2000
5442,23.898628393914343,2000
5443,22.948839654070866,2000
5444,22.20070310622553,2000
5445,22.152074340791156,2000
5446,21.66952104998057,2000
5447,21.32896333787503,1000
5448,21.04510748653982,1000
5449,20.80245449562707,1000
5450,20.60507665603795,1000
5451,20.470877269968557,1000
5452,20.380696490228633,1000
5453,20.312535721561442,1000
5454,20.368150434693657,1000
5455,22.201587441168776,2000
5456,22.20014826575312,2000
5457,23.0464310012365,2000
5458,23.898293262138647,2000
5459,23.897982554215442,2000
5460,23.898422866940493,2000
5461,23.899089344393893,2000
5462,23.898721830917484,2000
5463,23.89830359648831,2000
5464,23.898265144289223,2000
5465,23.89837297780058,2000
5466,23.898562213288958,2000
5467,23.573863638816018,2000
5468,22.202253492993698,2000
5469,22.318899005544544,2000
5470,21.742724570071793,2000
5471,21.221270987803884,1000
5472,20.828875267106703,1000
5473,20.82656468451764,1000
5474,20.72248535805247,1000
5475,20.59335047844698,1000
5476,20.456139552052406,1000
5477,20.351196851723657,1000
5478,20.424954104088226,1000
5479,20.77641032484418,1000
5480,21.533527952830703,2000
5481,22.425035758569333,2000
5482,23.327418300964492,2000
5483,24.041625170263984,2000
5484,24.65183757806866,2000
5485,25.05046290666979,2000
5486,25.31222100110048,2000
5487,25.523974774003662,2000
5488,25.668139359371967,2000
5489,25.497311435907715,2000
5490,24.79063108144414,2000
5491,23.80612485358705,2000
5492,23.005191472548056,2000
5493,22.447781729102832,2000
5494,22.03823528775936,2000
5495,21.687651924606815,2000
5496,21.456675056063194,1000
5497,21.167493994926442,1000
5498,20.891170371296802,1000
5499,20.697458713789484,1000
5500,20.574368495582263,1000
5501,20.482766346131964,1000
5502,20.585836200444867,1000
5503,21.08923026006644,1000
5504,21.83063624797967,2000
5505,22.66874990346629,2000
5506,23.373514471012435,2000
5507,24.04608997247571,2000
5508,24.540506629820626,2000
5509,24.834587117249484,2000
5510,25.027840185117824,2000
5511,25.387321521487763,2000
5512,25.80311532797986,2000
5513,26.06994752893775,2000
5514,25.673159986831482,2000
5515,24.49033409306948,2000
5516,23.50446276970873,2000
5517,22.781870169343662,2000
5518,22.300320839920904,2000
5519,21.845802969037425,2000
5520,21.516643277608082,2000
5521,20.89085536950592,1000
5522,20.6342948169264,1000
5523,20.45545736431545,1000
5524,20.303137230511986,1000
5525,20.214257389625182,1000
5526,20.272919501165354,1000
5527,22.2012785648849,2000
5528,22.200750083269057,2000
5529,23.42534650987103,2000
5530,23.898116952512943,2000
5531,23.898008553463946,2000
5532,23.898474555561872,2000
5533,23.899158382682444,2000
5534,23.89874423529065,2000
5535,23.898393478139553,2000
5536,23.898403580556238,2000
5537,23.89853941595386,2000
5538,23.89855366351805,2000
5539,23.38639307481998,2000
5540,22.20755529328183,2000
5541,22.712721789146116,2000
5542,22.326779954745824,2000
5543,22.02481735242386,2000
5544,21.706132698848727,2000
5545,21.482401491141502,1000
5546,21.390754809067477,1000
5547,21.32394714263771,1000
5548,21.302107926833003,1000
5549,21.281366796122583,1000
5550,21.3231595759862,1000
5551,22.199781535438426,2000
5552,22.200164008204023,2000
5553,23.598006980998242,2000
5554,23.898015955619254,2000
5555,23.898020192064063,2000
5556,23.89845220066137,2000
5557,23.899127409982736,2000
5558,23.89873057726064,2000
5559,23.898326931968526,2000
5560,23.898400149609635,2000
5561,23.898454643451096,2000
5562,23.898566364887984,2000
5563,23.495593682404525,2000
5564,22.20680478997175,2000
5565,22.488143421191186,2000
5566,21.96132060493067,2000
5567,21.56534555165449,2000
5568,21.31427479984569,1000
5569,21.07428116661057,1000
5570,20.86110263620376,1000
5571,20.699471780132278,1000
5572,20.58048416928855,1000
5573,20.523716140380095,1000
5574,20.5785576137822,1000
5575,22.20017229310209,2000
5576,22.20029219953935,2000
5577,23.72669006815514,2000
5578,23.898104108674943,2000
5579,23.898039466813216,2000
5580,23.898463521668635,2000
5581,23.899156476080584,2000
5582,23.898707992456607,2000
5583,23.898361350570102,2000
5584,23.89835781087341,2000
5585,23.898533976685734,2000
5586,23.898556127277416,2000
5587,23.7474289782874,2000
5588,22.475611630860342,2000
5589,23.026391734675478,2000
5590,22.649071215264907,2000
5591,22.394937266630915,2000
5592,22.207179105614472,2000
5593,22.004354424832943,2000
5594,21.856535162803997,2000
5595,21.773247816583,2000
5596,21.68967365031963,2000
5597,21.617560202997186,2000
5598,21.60187530782472,2000
5599,22.20025442064259,2000
5600,22.199283707740005,2000
5601,23.24250604912695,2000
5602,23.898222057222583,2000
5603,23.898022616128557,2000
5604,23.898403956317278,2000
5605,23.89913257783606,2000
5606,23.898696751999406,2000
5607,23.89823873339199,2000
5608,23.898268773396076,2000
5609,23.89835464219304,2000
5610,23.89851234681034,2000
5611,23.83774348157126,2000
5612,22.5637220241091,2000
5613,23.085389723850835,2000
5614,22.654640708631277,2000
5615,22.39399781386826,2000
5616,22.11893937004282,2000
5617,21.92195250521642,2000
5618,21.781651909538198,2000
5619,21.68044039524061,2000
5620,21.56718489605674,2000
5621,21.471439919563853,1000
5622,21.463013362468022,1000
5623,22.200051992607758,2000
5624,22.199253505168812,2000
5625,23.17830389622832,2000
5626,23.89844738575051,2000
5627,23.89814496456813,2000
5628,23.898419047075183,2000
5629,23.899021239017152,2000
5630,23.898724502624393,2000
5631,23.898417522808575,2000
5632,23.898460331284515,2000
5633,23.898565925601087,2000
5634,23.89852743159698,2000
5635,22.772311573447038,2000
5636,22.200820484603526,2000
5637,22.102700104128484,2000
5638,21.73796410500587,2000
5639,21.558722456575474,2000
5640,21.433333209177835,1000
5641,21.588576986572427,2000
5642,21.527930135441274,2000
5643,21.473763754172484,1000
5644,21.38973781846325,1000
5645,21.37047795416575,1000
5646,21.423814739676583,1000
5647,21.622323192654108,2000
5648,21.944529640820853,2000
5649,22.392636046649812,2000
5650,22.83734015568647,2000
5651,23.374910756304377,2000
5652,23.796330317786957,2000
5653,24.158559413782054,2000
5654,24.352189476518884,2000
5655,24.509889504564377,2000
5656,24.764210922723116,2000
5657,24.966720283134688,2000
5658,24.533120869948668,2000
5659,23.59665366444718,2000
5660,22.913857940512784,2000
5661,22.46203411749329,2000
5662,22.120789079178856,2000
5663,21.994252850215297,2000
5664,21.816201801527058,2000
5665,21.640774069569453,2000
5666,21.457010923548626,1000
5667,21.35272541696914,1000
5668,21.292161064352012,1000
5669,21.14383067673997,1000
5670,21.214743840790938,1000
5671,21.59090847836579,2000
5672,22.137462124193085,2000
5673,22.812800001750425,2000
5674,23.471605342679382,2000
5675,24.016569502288284,2000
5676,24.45642124179251,2000
5677,24.803643021148737,2000
5678,25.02515817131322,2000
5679,25.32311090931118,2000
5680,25.51319950803682,2000
5681,25.547828202604947,2000
5682,24.984458296394024,2000
5683,23.954273163968885,2000
5684,23.1479016902135,2000
5685,22.57507398206513,2000
5686,22.214894477220472,2000
5687,21.962717466464753,2000
5688,21.68929884396622,2000
5689,21.22242236722458,1000
5690,20.964218457791134,1000
5691,20.794206229929635,1000
5692,20.685132732506457,1000
5693,20.676633294531825,1000
5694,20.743185979042185,1000
5695,22.20071434527982,2000
5696,22.199694909274385,2000
5697,23.07963228996577,2000
5698,23.898374356447732,2000
5699,23.89806063623208,2000
5700,23.89843159969202,2000
5701,23.89907603031586,2000
5702,23.898719587224228,2000
5703,23.898435859914308,2000
5704,23.898455701907135,2000
5705,23.898619079803698,2000
5706,23.898476961988337,2000
5707,23.023398748245516,2000
5708,22.201333848910632,2000
5709,22.410046116118405,2000
5710,22.03878563572804,2000
5711,21.77919876673999,2000
5712,21.588172619837085,2000
5713,21.400042693760867,1000
5714,21.294976356857866,1000
5715,21.117584039833275,1000
5716,20.999601264627074,1000
5717,20.8916640075534,1000
5718,20.892290502377225,1000
5719,22.201286488106927,2000
5720,22.200249092721684,2000
5721,23.819777049989405,2000
5722,23.898069891695556,2000
5723,23.898025451164273,2000
5724,23.898475093198684,2000
5725,23.899202125797633,2000
5726,23.898735591836815,2000
5727,23.898342335092103,2000
5728,23.898341029796484,2000
5729,23.898520679269936,2000
5730,23.898603731387524,2000
5731,23.51906684808428,2000
5732,22.2179773244315,2000
5733,22.688908589417878,2000
5734,22.269100753016435,2000
5735,22.010734069686297,2000
5736,21.795924487189097,2000
5737,21.637042916780533,2000
5738,21.524093558505207,2000
5739,21.438165364792376,1000
5740,21.370986712323838,1000
5741,21.33406634916883,1000
5742,21.339120280094882,1000
5743,22.200126724221544,2000
5744,22.199389088527997,2000
5745,23.276365150030497,2000
5746,23.898234208219716,2000
5747,23.89809882862947,2000
5748,23.898372145372925,2000
5749,23.899057413209707,2000
5750,23.898692226846208,2000
5751,23.898437290897313,2000
5752,23.89845124004096,2000
5753,23.898507572868624,2000
5754,23.89846407108735,2000
5755,23.33454539420606,2000
5756,22.203304092110915,2000
5757,22.58954636515711,2000
5758,22.178328039141743,2000
5759,21.927219505583338,2000
5760,21.755322055613078,2000
5761,21.567544454957115,2000
5762,21.426311896314463,1000
5763,21.32600571979916,1000
5764,21.253014298570534,1000
5765,21.20180529711337,1000
5766,21.24115180121767,1000
5767,22.200120037598754,2000
5768,22.199755325221687,2000
5769,23.136770030528112,2000
5770,23.898183543969402,2000
5771,23.89796530820447,2000
5772,23.89836668598289,2000
5773,23.899111886888996,2000
5774,23.898704551431145,2000
5775,23.898306742242504,2000
5776,23.89830729610625,2000
5777,23.898587276933423,2000
5778,23.898596044155333,2000
5779,23.456451257975313,2000
5780,22.20558345004154,2000
5781,22.526906140693416,2000
5782,22.016488538246723,2000
5783,21.594857960724696,2000
5784,21.268786843894684,1000
5785,21.006454921198685,1000
5786,20.827364925737804,1000
5787,20.694220870966834,1000
5788,20.550968038069833,1000
5789,20.42446182345841,1000
5790,20.414863401090706,1000
5791,22.200751804951633,2000
5792,22.200281123454666,2000
5793,23.350011693536295,2000
5794,23.89815050795098,2000
5795,23.898012532368657,2000
5796,23.898456998671687,2000
5797,23.899121707982633,2000
5798,23.898631579515303,2000
5799,23.898197362853644,2000
5800,23.95670339190494,2000
5801,23.898463427629142,2000
5802,23.898594435380982,2000
5803,23.867659972607857,2000
5804,22.487315809757487,2000
5805,22.765232926527354,2000
5806,22.181217327853112,2000
5807,21.752521143739287,2000
5808,21.44609669835682,1000
5809,21.494269931884713,1000
5810,21.36106395993549,1000
5811,21.25013517251251,1000
5812,21.09995255285343,1000
5813,20.98652685196641,1000
5814,20.995178350318625,1000
5815,21.411182258681233,1000
5816,22.180518934265827,2000
5817,22.984166650383003,2000
5818,23.852428153992232,2000
5819,24.054172173099026,2000
5820,24.161310419815212,2000
5821,24.097399533318036,2000
5822,23.883231427745308,2000
5823,24.035091911515753,2000
5824,24.389672808690577,2000
5825,23.749128283759696,2000
5826,23.168798415109514,2000
5827,22.70118102774147,2000
5828,22.36369602285984,2000
5829,22.116727541637896,2000
5830,21.87410078789873,2000
5831,21.61039474372007,2000
5832,21.340974692720962,1000
5833,21.0568412451301,1000
5834,20.779654293514895,1000
5835,20.577147181174507,1000
5836,20.37729445057623,1000
5837,20.211847754602292,1000
5838,20.186740151176423,1000
5839,20.49953756655589,1000
5840,21.098840669506323,1000
5841,21.87213410761485,2000
5842,22.667217917711493,2000
5843,23.395311348380297,2000
5844,23.93889426655514,2000
5845,24.438221791301817,2000
5846,25.025762449203217,2000
5847,25.89357457561298,2000
5848,26.6881531705984,2000
5849,26.876555949521517,2000
5850,26.12680523676789,2000
5851,24.46513813894107,2000
5852,23.421317537803162,2000
5853,22.748300041520515,2000
5854,22.323348598865003,2000
5855,22.04651394731634,2000
5856,21.754869749927693,2000
5857,21.099509978974925,1000
5858,20.780153190032298,1000
5859,20.637378223742353,1000
5860,20.54920029842887,1000
5861,20.429459722771725,1000
5862,20.40594213593892,1000
5863,22.201423805031183,2000
5864,22.200559778391156,2000
5865,22.930782337211305,2000
5866,23.89849762436745,2000
5867,23.89806678571914,2000
5868,23.898381881902303,2000
5869,23.899037646567432,2000
5870,23.898697755287902,2000
5871,23.898181072190223,2000
5872,23.898216484161352,2000
5873,23.898359793191823,2000
5874,23.89864382025261,2000
5875,23.036833764872547,2000
5876,22.200126492360262,2000
5877,21.658936246414058,2000
5878,21.01608293431743,1000
5879,20.645261721595134,1000
5880,20.322245520187057,1000
5881,20.103688752799226,1000
5882,19.92635368417024,1000
5883,19.798314140363452,1000
5884,19.67950570045895,1000
5885,19.58661478185548,1000
5886,19.592398950138843,1000
5887,22.198490196042577,2000
5888,22.20013562614153,2000
5889,23.021365217639854,2000
5890,23.898864577506213,2000
5891,23.89820183404283,2000
5892,23.89841632251394,2000
5893,23.89867098090021,2000
5894,23.89858193561951,2000
5895,23.89854311623019,2000
5896,23.898575438448038,2000
5897,23.89859728495648,2000
5898,23.8984557696382,2000
5899,23.085543829632094,2000
5900,22.199862028916915,2000
5901,21.841888335824745,2000
5902,21.290588884612358,1000
5903,20.848910150012014,1000
5904,20.534336164796102,1000
5905,20.317450687693896,1000
5906,20.189943402624397,1000
5907,20.13941227399167,1000
5908,20.07083892494812,1000
5909,19.97195125682354,1000
5910,20.014661744832686,1000
5911,22.198399197437475,2000
5912,22.200493142690476,2000
5913,23.13469057438308,2000
5914,23.898765520782746,2000
5915,23.897994317837238,2000
5916,23.89841584294159,2000
5917,23.899115964716717,2000
5918,23.898635438944165,2000
5919,23.91396857411896,2000
5920,24.062721551170227,2000
5921,23.89898920165972,2000
5922,23.898632825881673,2000
5923,23.7642833986908,2000
5924,22.30237179561647,2000
5925,22.68080157290188,2000
5926,22.223167245432915,2000
5927,21.806186441783904,2000
5928,21.505278519182134,2000
5929,21.297634513812266,1000
5930,21.116030633914537,1000
5931,20.918239805528838,1000
5932,20.72224766202155,1000
5933,20.553237764304026,1000
5934,20.481165296608406,1000
5935,22.201316661628656,2000
5936,22.200069256117978,2000
5937,23.539507429689092,2000
5938,23.898097132654996,2000
5939,23.897997198600063,2000
5940,23.89845870924799,2000
5941,23.89914703446092,2000
5942,23.89865038005624,2000
5943,23.985450357965508,2000
5944,24.08062353633773,2000
5945,23.898726854905533,2000
5946,23.89866459480037,2000
5947,23.7471744683464,2000
5948,22.35317074501721,2000
5949,22.732354478304345,2000
5950,22.238263886917743,2000
5951,21.858184178346747,2000
5952,21.487054267978923,1000
5953,21.23096889491715,1000
5954,21.074945195709788,1000
5955,20.900039876237617,1000
5956,20.807180298610067,1000
5957,20.720972341240266,1000
5958,20.73143943047114,1000
5959,22.199720295146335,2000
5960,22.19905752660813,2000
5961,23.584597980870164,2000
5962,23.898005884507487,2000
5963,23.89796859133027,2000
5964,23.89848900641233,2000
5965,23.89919965580096,2000
5966,23.89875370428981,2000
5967,23.898480687849414,2000
5968,23.8983018723818,2000
5969,23.898470361773832,2000
5970,23.898577257755196,2000
5971,23.472291913946577,2000
5972,22.206732311913782,2000
5973,22.605622193057524,2000
5974,22.23242997138381,2000
5975,21.972154947935618,2000
5976,21.77901630774708,2000
5977,21.903935063735553,2000
5978,21.794319048626704,2000
5979,21.65630413643741,2000
5980,21.51538231945549,2000
5981,21.452190259439398,1000
5982,21.485113465180298,1000
5983,21.659091283924433,2000
5984,21.917521729108607,2000
5985,22.32836853031423,2000
5986,22.780594290909676,2000
5987,23.273872424127585,2000
5988,23.73700428213824,2000
5989,24.035395634326523,2000
5990,24.16014412699273,2000
5991,24.122914705481087,2000
5992,23.911286039147523,2000
5993,23.572125643464485,2000
5994,23.149240396772687,2000
5995,22.661172472032618,2000
5996,22.350523789825612,2000
5997,22.098492799675945,2000
5998,21.882568982997416,2000
5999,21.7263391048323,2000
6000,21.613296504738837,2000
6001,21.514734390554615,2000
6002,21.419285430278556,1000
6003,21.312195207637643,1000
6004,21.21015323514948,1000
6005,21.13341089049479,1000
6006,21.164069842426954,1000
6007,21.382993892845853,1000
6008,21.80413549641527,2000
6009,22.267869334397794,2000
6010,22.758052244011253,2000
6011,23.462081306980654,2000
6012,23.900125180777287,2000
6013,24.30880992648565,2000
6014,24.912859910669244,2000
6015,25.734837969073507,2000
6016,26.360394490591133,2000
6017,26.196765616415412,2000
6018,25.122766070180308,2000
6019,24.02593755074294,2000
6020,23.256262283848482,2000
6021,22.64972687074182,2000
6022,22.198081220167545,2000
6023,21.951892761335188,2000
6024,21.712083050235176,2000
6025,21.221610466876236,1000
6026,21.009472044480486,1000
6027,20.806466146289157,1000
6028,20.62644168054872,1000
6029,20.45325394154283,1000
6030,20.40361365546023,1000
6031,22.20085576799898,2000
6032,22.200032681944904,2000
6033,23.231764970120484,2000
6034,23.898205924699493,2000
6035,23.898024804390513,2000
6036,23.898405389101264,2000
6037,23.899135929890736,2000
6038,23.898652715408097,2000
6039,23.89830943008755,2000
6040,23.89820881534659,2000
6041,23.898494300207897,2000
6042,23.898678485181225,2000
6043,23.40583819911188,2000
6044,22.20060837612462,2000
6045,22.269033254850306,2000
6046,21.61337673860353,2000
6047,21.16076712268489,1000
6048,20.823529873297513,1000
6049,20.572600915578736,1000
6050,20.395077470467662,1000
6051,20.246463280319052,1000
6052,20.1583108786737,1000
6053,20.075973705688966,1000
6054,20.069245461797315,1000
6055,22.199511938395606,2000
6056,22.199680637399936,2000
6057,23.335332441679952,2000
6058,23.898743060392235,2000
6059,23.897989259231615,2000
6060,23.89841492707283,2000
6061,23.899139371799524,2000
6062,23.898828702163776,2000
6063,23.898547449208014,2000
6064,23.89853996992824,2000
6065,23.898639848670822,2000
6066,23.89859377742224,2000
6067,22.810323711862413,2000
6068,22.20105660898773,2000
6069,22.2287580532485,2000
6070,21.839357389998273,2000
6071,21.486770455295282,1000
6072,21.205899592611427,1000
6073,20.899327907092957,1000
6074,20.700452315426677,1000
6075,20.537025073865966,1000
6076,20.394620038625195,1000
6077,20.32820527358769,1000
6078,20.29004309155441,1000
6079,22.199468293120635,2000
6080,22.20064623919454,2000
6081,23.169730174250546,2000
6082,23.898200061879574,2000
6083,23.89801480101207,2000
6084,23.898405610512146,2000
6085,23.899110076138204,2000
6086,23.898663670258163,2000
6087,23.898175506805142,2000
6088,23.898256448151404,2000
6089,23.89851636125612,2000
6090,23.89867301308697,2000
6091,23.613522239473966,2000
6092,22.20789723834843,2000
6093,22.474707065272735,2000
6094,21.932485406320513,2000
6095,21.513795589476537,2000
6096,21.15696946745353,1000
6097,20.83063321603264,1000
6098,20.62702517960264,1000
6099,20.4797098837717,1000
6100,20.453615676186452,1000
6101,20.442743073632762,1000
6102,20.42254313220065,1000
6103,22.201309145777888,2000
6104,22.20007004360719,2000
6105,23.111880024739868,2000
6106,23.898761177813704,2000
6107,23.897924964226554,2000
6108,23.898421770281182,2000
6109,23.89916062084332,2000
6110,23.89871024111327,2000
6111,23.89817746905855,2000
6112,23.898246161839815,2000
6113,23.89854968112873,2000
6114,23.89870023436541,2000
6115,23.13102561922572,2000
6116,22.200435884766673,2000
6117,21.76137218771093,2000
6118,21.1211005972711,1000
6119,20.79471286421935,1000
6120,20.520387092910433,1000
6121,20.281983574794367,1000
6122,20.074893281001046,1000
6123,19.929970549085485,1000
6124,19.78149511988095,1000
6125,19.66410876512233,1000
6126,19.627301041661184,1000
6127,22.199306644469253,2000
6128,22.200700988510356,2000
6129,22.69451013880412,2000
6130,23.775803859049663,2000
6131,23.898398836610667,2000
6132,23.89846220813351,2000
6133,23.89407882957195,2000
6134,23.898386714542887,2000
6135,23.898178569625806,2000
6136,23.898483764584164,2000
6137,23.89857580523177,2000
6138,23.898544187334636,2000
6139,22.700643276990753,2000
6140,22.19983563859772,2000
6141,21.90056930587695,2000
6142,21.200413230318006,1000
6143,20.765219171821872,1000
6144,20.462596770027492,1000
6145,20.407400543499104,1000
6146,20.278060564308085,1000
6147,20.16129013274073,1000
6148,20.02281154755736,1000
6149,19.918973998057407,1000
6150,19.879808019520425,1000
6151,20.23136364109514,1000
6152,20.886920702989727,1000
6153,21.771577140021645,2000
6154,22.658585491391193,2000
6155,23.50521551789344,2000
6156,24.13433183618358,2000
6157,24.58599719595365,2000
6158,25.10608006760203,2000
6159,25.803952632422398,2000
6160,26.301219771536243,2000
6161,25.369666122619957,2000
6162,24.322208476974563,2000
6163,23.40900623195083,2000
6164,22.838664300307585,2000
6165,22.422542560455327,2000
6166,22.063094800408322,2000
6167,21.788497515062158,2000
6168,21.61381530274585,2000
6169,21.485509357268324,1000
6170,21.382998222461495,1000
6171,21.295723520475377,1000
6172,21.224085138063746,1000
6173,21.154109544363266,1000
6174,21.142523148777286,1000
6175,21.307743465890365,1000
6176,21.75776675581919,2000
6177,22.48706478068327,2000
6178,23.275474673961092,2000
6179,24.08559533471583,2000
6180,24.534439706245987,2000
6181,24.54229192423618,2000
6182,24.470433856152273,2000
6183,24.480307776249045,2000
6184,24.612306708556453,2000
6185,24.1794853267267,2000
6186,23.64762120852585,2000
6187,23.160454477889413,2000
6188,22.769739046408848,2000
6189,22.466218460760917,2000
6190,22.25200653868046,2000
6191,22.09607509157285,2000
6192,21.950034655530473,2000
6193,21.54523995804203,2000
6194,21.350457917994465,1000
6195,21.217330821266977,1000
6196,21.12430822829763,1000
6197,21.043612960936088,1000
6198,21.026251858291115,1000
6199,22.200024499653296,2000
6200,22.199736182047232,2000
6201,22.886534653242528,2000
6202,23.897989614838448,2000
6203,23.89814068657712,2000
6204,23.89844387181833,2000
6205,23.899023808650497,2000
6206,23.898647569118722,2000
6207,23.898279660647486,2000
6208,23.898345084230648,2000
6209,23.89852626022947,2000
6210,23.898591666353887,2000
6211,22.91962744653766,2000
6212,22.20091168019167,2000
6213,22.261936550309052,2000
6214,21.82383335196489,2000
6215,21.494306263960766,1000
6216,21.296278965844227,1000
6217,21.22730478818835,1000
6218,21.103129946489037,1000
6219,21.00544253997726,1000
6220,20.93673047133162,1000
6221,20.885060097815742,1000
6222,20.866756253522833,1000
6223,22.199664204040825,2000
6224,22.200515905930317,2000
6225,22.59493531146128,2000
6226,23.791947173836853,2000
6227,23.897923717333626,2000
6228,23.898355110511144,2000
6229,23.89905233460094,2000
6230,23.898762176422846,2000
6231,23.89846896060499,2000
6232,23.89842420591573,2000
6233,23.898545555009825,2000
6234,23.871767643371594,2000
6235,22.613388600375096,2000
6236,22.201063464213973,2000
6237,21.943172444473944,2000
6238,21.461450928401202,1000
6239,21.152213792163572,1000
6240,20.947793063972956,1000
6241,20.856171915005323,1000
6242,20.792408750247606,1000
6243,20.74340690387286,1000
6244,20.705283856132116,1000
6245,20.654555877746933,1000
6246,20.611647524289943,1000
6247,22.200746077009942,2000
6248,22.199416697704567,2000
6249,22.61024124833757,2000
6250,23.871681434997715,2000
6251,23.89806369825928,2000
6252,23.89835445707807,2000
6253,23.899068938284945,2000
6254,23.898833482270366,2000
6255,23.8985140688056,2000
6256,23.898512541856615,2000
6257,23.7616988688187,2000
6258,23.536332492762547,2000
6259,22.25684938639048,2000
6260,22.200445501496596,2000
6261,21.59979581197866,2000
6262,21.092502407270477,1000
6263,20.775076904588136,1000
6264,20.533740170567793,1000
6265,20.325243773819967,1000
6266,20.139531687184533,1000
6267,19.98502111391361,1000
6268,19.875987039046773,1000
6269,19.79161113984771,1000
6270,19.74781097284236,1000
6271,22.20308826036425,2000
6272,22.20045723152362,2000
6273,22.688349131650035,2000
6274,23.898819042324817,2000
6275,23.898016352880973,2000
6276,23.898365412754277,2000
6277,23.89864944483632,2000
6278,23.898586023113616,2000
6279,23.89849350441635,2000
6280,23.898608071918787,2000
6281,23.884193666951322,2000
6282,23.560489776885543,2000
6283,22.206799955531224,2000
6284,22.202786179884274,2000
6285,21.215621983230367,1000
6286,20.708677345935012,1000
6287,20.424909522622,1000
6288,20.22984808787979,1000
6289,20.084602325484223,1000
6290,19.99870021827915,1000
6291,19.91614351624566,1000
6292,19.846789052144736,1000
6293,19.795871982222526,1000
6294,19.77946363840033,1000
6295,22.202057205268865,2000
6296,22.19941886418463,2000
6297,22.273129632892243,2000
6298,23.615299827643792,2000
6299,23.8923218834675,2000
6300,23.898230276545466,2000
6301,23.850227685783814,2000
6302,23.89868642055524,2000
6303,23.898557444642513,2000
6304,23.898340411129492,2000
6305,23.89856633676257,2000
6306,23.53707937364477,2000
6307,22.201029041785098,2000
6308,22.2009099165539,2000
6309,21.057338132903162,1000
6310,20.55784225224021,1000
6311,20.267044623237148,1000
6312,20.05114234065433,1000
6313,20.07604808246499,1000
6314,19.995758021354103,1000
6315,19.932015235865354,1000
6316,19.880684975708824,1000
6317,19.83466897587478,1000
6318,19.856702946163537,1000
6319,20.009174677942056,1000
6320,20.19206321938492,1000
6321,20.524456229858483,1000
6322,20.89120710665257,1000
6323,21.017486717734258,1000
6324,21.24581659474814,1000
6325,21.623185626575612,2000
6326,21.63170296453294,2000
6327,21.63573942896362,2000
6328,21.531078869528315,2000
6329,21.28031013051872,1000
6330,20.96030988594668,1000
6331,20.75120018317247,1000
6332,20.625214540911745,1000
6333,20.502407460604868,1000
6334,20.446582194357923,1000
6335,20.403158055096206,1000
6336,20.363524149460005,1000
6337,20.336297972216062,1000
6338,20.30257646212602,1000
6339,20.25593003217987,1000
6340,20.224409872120624,1000
6341,20.205712155289344,1000
6342,20.218772182897368,1000
6343,20.362331183840617,1000
6344,20.61112097035413,1000
6345,21.235419791150132,1000
6346,21.714268284356116,2000
6347,22.113797656620925,2000
6348,22.35295843000202,2000
6349,22.647969769567002,2000
6350,23.238323290306102,2000
6351,22.75482922917718,2000
6352,22.57446618207652,2000
6353,22.30252998605681,2000
6354,21.887131795713927,2000
6355,21.30857228465988,1000
6356,20.900338608023187,1000
6357,20.658420350925628,1000
6358,20.47673577292006,1000
6359,20.320657233873437,1000
6360,20.23909484553166,1000
6361,19.99581884344523,1000
6362,19.858468075505247,1000
6363,19.73973845830733,1000
6364,19.632933780825248,1000
6365,19.555173893258562,1000
6366,19.534850358197318,1000
6367,22.201142889864293,2000
6368,22.200350058320417,2000
6369,22.70765320644463,2000
6370,23.898850497170834,2000
6371,23.898033140029426,2000
6372,23.89839204980069,2000
6373,23.8990403807492,2000
6374,23.89854227454354,2000
6375,24.068339776855144,2000
6376,24.303038427506497,2000
6377,23.906335363840427,2000
6378,23.898822967082175,2000
6379,23.333889235131483,2000
6380,22.19991194777559,2000
6381,22.03805125752298,2000
6382,21.32881603423776,1000
6383,20.94322542743096,1000
6384,20.685641029104172,1000
6385,20.484351561062525,1000
6386,20.314208148396688,1000
6387,20.150798935303747,1000
6388,19.99487755065575,1000
6389,19.85823084213013,1000
6390,19.785543692133636,1000
6391,22.200117028004527,2000
6392,22.20042746421863,2000
6393,22.679420112752354,2000
6394,23.898731863793078,2000
6395,23.897981500707647,2000
6396,23.89838762625655,2000
6397,23.898988413716843,2000
6398,23.89860523426007,2000
6399,23.898238077762436,2000
6400,23.89863355970275,2000
6401,23.898271647743403,2000
6402,23.898703219804688,2000
6403,22.43558755353873,2000
6404,22.200868390234035,2000
6405,21.15788384464295,1000
6406,20.620475496874537,1000
6407,20.27283688379174,1000
6408,19.995430114894962,1000
6409,19.80365652406574,1000
6410,19.667932348204978,1000
6411,19.5406019156296,1000
6412,19.398787427024978,1000
6413,19.293631398010582,1000
6414,19.22280819618543,1000
6415,22.202149235558775,2000
6416,22.20028078682884,2000
6417,22.485612915715492,2000
6418,23.896946045555733,2000
6419,23.898885067126017,2000
6420,23.89850752436063,2000
6421,23.89862860752346,2000
6422,23.898267298597368,2000
6423,24.026321598121708,2000
6424,24.19108505588033,2000
6425,23.899170324170615,2000
6426,23.89855158218679,2000
6427,22.786226407782078,2000
6428,22.20076989312495,2000
6429,21.32710712921142,1000
6430,20.757234104374227,1000
6431,20.372171951275234,1000
6432,20.111747459096044,1000
6433,19.89037826894015,1000
6434,19.71738050027501,1000
6435,19.564410066620727,1000
6436,19.462975260867513,1000
6437,19.382904802489897,1000
6438,19.344492488990653,1000
6439,22.203108460540065,2000
6440,22.199334647148035,2000
6441,22.72820756692957,2000
6442,23.899079535526724,2000
6443,23.898646450586213,2000
6444,23.89860622963855,2000
6445,23.899145923465323,2000
6446,23.898566359473868,2000
6447,24.425997082388335,2000
6448,24.304174677206557,2000
6449,23.898936417144178,2000
6450,23.898729757075976,2000
6451,23.57834874165555,2000
6452,22.27969978399175,2000
6453,22.66237216118135,2000
6454,22.143460653561537,2000
6455,21.784543925565842,2000
6456,21.494627816067343,1000
6457,21.189976486563776,1000
6458,20.909979351321223,1000
6459,20.774683526945665,1000
6460,20.75722583071627,1000
6461,20.708933134049648,1000
6462,20.66710278796449,1000
6463,22.20070871353615,2000
6464,22.199790427550354,2000
6465,23.33948841107099,2000
6466,23.898114369566,2000
6467,23.89810709547802,2000
6468,23.89843005730346,2000
6469,23.899037641400383,2000
6470,23.898545131028772,2000
6471,24.53384117922843,2000
6472,24.72576342188307,2000
6473,24.015172263676185,2000
6474,23.89880114127277,2000
6475,23.72796063601431,2000
6476,22.249350173687723,2000
6477,22.450610954220128,2000
6478,21.929043325802013,2000
6479,21.519565755263944,2000
6480,21.117925130006082,1000
6481,21.070973508477305,1000
6482,20.874654680116052,1000
6483,20.721379517166937,1000
6484,20.617021698885637,1000
6485,20.583218301569044,1000
6486,20.599306161300646,1000
6487,20.861120183318803,1000
6488,21.485975886779876,1000
6489,22.26541402980898,2000
6490,22.937980747655622,2000
6491,23.744302311663468,2000
6492,24.403386112678806,2000
6493,25.08511857945392,2000
6494,25.161944578219437,2000
6495,25.37368492963826,2000
6496,25.055617643129075,2000
6497,24.318074633710676,2000
6498,23.617520469514076,2000
6499,22.917379413323506,2000
6500,22.387517445120316,2000
6501,22.000007478780443,2000
6502,21.70251304038717,2000
6503,21.48729033756359,1000
6504,21.32645641068752,1000
6505,21.207293532736966,1000
6506,21.091091628248627,1000
6507,20.99570925994889,1000
6508,20.89317028587403,1000
6509,20.802018423872962,1000
6510,20.69296073695546,1000
6511,20.785156027961392,1000
6512,21.19499941253994,1000
6513,21.785075876199365,2000
6514,22.474854442993365,2000
6515,22.67674569984272,2000
6516,22.838133165295403,2000
6517,23.31360218268615,2000
6518,23.42355624583291,2000
6519,23.859888754928438,2000
6520,24.26841160646052,2000
6521,24.196798191279495,2000
6522,23.103611594804093,2000
6523,22.234961942234662,2000
6524,21.624751566201475,2000
6525,21.3071618406536,1000
6526,21.027638668937428,1000
6527,20.779126717328126,1000
6528,20.577750000680393,1000
6529,20.207470321273945,1000
6530,20.018499389059997,1000
6531,19.887190142879195,1000
6532,19.77729323223172,1000
6533,19.691534895739025,1000
6534,19.61955178023412,1000
6535,22.2045551897078,2000
6536,22.202503932599914,2000
6537,22.258629929440136,2000
6538,23.714473572848636,2000
6539,23.898321145364307,2000
6540,23.89795914957009,2000
6541,23.898299790823458,2000
6542,23.89823926842868,2000
6543,23.89798334367857,2000
6544,23.898470851321637,2000
6545,23.898302457680295,2000
6546,23.775305398193684,2000
6547,22.20972455867596,2000
6548,22.201696720340482,2000
6549,20.932237212367433,1000
6550,20.396975821597046,1000
6551,20.11003591966453,1000
6552,19.942341435525503,1000
6553,19.932211035045267,1000
6554,19.84269509422314,1000
6555,19.78855811715912,1000
6556,19.77014374247181,1000
6557,19.65921014223346,1000
6558,19.55285244251575,1000
6559,22.196561054141313,2000
6560,22.199123165349384,2000
6561,22.899764447590517,2000
6562,23.8992052314317,2000
6563,23.89889166053805,2000
6564,23.898855639592707,2000
6565,23.899214505468848,2000
6566,24.03054601542319,2000
6567,24.525395623743094,2000
6568,24.410833686022663,2000
6569,23.900198281016415,2000
6570,23.898973556154026,2000
6571,22.829945301893623,2000
6572,22.199939737120893,2000
6573,21.50818349276065,2000
6574,20.871536829446217,1000
6575,20.478360438343405,1000
6576,20.170124875276024,1000
6577,19.97047051767291,1000
6578,19.77164631078745,1000
6579,19.599098685982625,1000
6580,19.46689806878451,1000
6581,19.36190740426437,1000
6582,19.31741167617945,1000
6583,22.201219478442816,2000
6584,22.200094874645416,2000
6585,22.829706053440386,2000
6586,23.89922664506704,2000
6587,23.89892962270013,2000
6588,23.898993108659536,2000
6589,23.899193172120977,2000
6590,24.03949926884781,2000
6591,23.93172199649637,2000
6592,23.89882924263305,2000
6593,23.89893731752887,2000
6594,23.89913150730524,2000
6595,22.735058541198416,2000
6596,22.20232062991898,2000
6597,21.817531184390155,2000
6598,21.349011897989573,1000
6599,20.98698870527212,1000
6600,20.72256396819329,1000
6601,20.536722122669225,1000
6602,20.414433236367337,1000
6603,20.32115577074274,1000
6604,20.245322263633817,1000
6605,20.185409732368598,1000
6606,20.1459858301509,1000
6607,22.20210642383923,2000
6608,22.198973027463133,2000
6609,22.731962243462615,2000
6610,23.89359009077738,2000
6611,23.898873096033995,2000
6612,23.898901687483406,2000
6613,23.89892037457136,2000
6614,23.89852452347229,2000
6615,23.898477516435246,2000
6616,23.8984956006416,2000
6617,23.898648966809255,2000
6618,23.89899498517897,2000
6619,22.516266037166538,2000
6620,22.200843878841525,2000
6621,21.248431696905545,1000
6622,20.613215623757657,1000
6623,20.26546384741387,1000
6624,19.970835007557817,1000
6625,19.775057623102004,1000
6626,19.62398323353555,1000
6627,19.505430041647756,1000
6628,19.434233839131586,1000
6629,19.329626322310308,1000
6630,19.268865108735998,1000
6631,22.20235772683251,2000
6632,22.20027245310839,2000
6633,22.31047108065954,2000
6634,23.637241623481586,2000
6635,23.89891490043879,2000
6636,23.898926772332008,2000
6637,23.893496027369373,2000
6638,23.89895190093679,2000
6639,23.89895770760255,2000
6640,23.898835995922184,2000
6641,23.89894371154199,2000
6642,23.899080060786716,2000
6643,22.563980229058835,2000
6644,22.200669401858924,2000
6645,21.433035828390324,1000
6646,20.910190120741387,1000
6647,20.58095620428315,1000
6648,20.33160415218677,1000
6649,20.372320904140548,1000
6650,20.29088385754772,1000
6651,20.217776378498055,1000
6652,20.19849415733803,1000
6653,20.2219417046879,1000
6654,20.229071376899785,1000
6655,20.343850672480016,1000
6656,20.630179972532826,1000
6657,21.203726271281333,1000
6658,21.862392403554594,2000
6659,22.346777554500502,2000
6660,22.40106319329518,2000
6661,22.13947620201701,2000
6662,21.7956419973644,2000
6663,21.465440831178363,1000
6664,21.179216740383676,1000
6665,20.858946092378535,1000
6666,20.545304070634756,1000
6667,20.35141513430829,1000
6668,20.200461606463936,1000
6669,20.06948864710418,1000
6670,19.957731219008895,1000
6671,19.89355795860008,1000
6672,19.843758274638475,1000
6673,19.806405085642137,1000
6674,19.773051302668836,1000
6675,19.725752234871887,1000
6676,19.691930410497545,1000
6677,19.664705083924428,1000
6678,19.63913460099532,1000
6679,19.704343349252564,1000
6680,19.981208157715447,1000
6681,20.49926793849822,1000
6682,20.997949644251612,1000
6683,21.19400253537569,1000
6684,21.32704864112418,1000
6685,21.353825012069613,1000
6686,21.335818827794125,1000
6687,21.227049353039195,1000
6688,21.068685861797917,1000
6689,20.76009330423501,1000
6690,20.43517163833021,1000
6691,20.219931451133828,1000
6692,20.061580242788413,1000
6693,19.915259462110516,1000
6694,19.787566364587658,1000
6695,19.609984850102695,1000
6696,19.439585513001052,1000
6697,19.12445972177129,1000
6698,18.951087517533487,1000
6699,18.88740603408571,1000
6700,18.817929887075554,1000
6701,18.739397937102563,1000
6702,18.656120139459905,1000
6703,22.20592749722559,2000
6704,22.19912451388684,2000
6705,22.238235817066126,2000
6706,23.393464552619395,2000
6707,23.89808590111127,2000
6708,23.89887192047149,2000
6709,23.605591992105214,2000
6710,23.892115325083186,2000
6711,23.892765411700495,2000
6712,23.69367054998442,2000
6713,23.17689978734638,2000
6714,22.844854886096957,2000
6715,22.202270459268963,2000
6716,22.20286983404249,2000
6717,20.498770014050326,1000
6718,19.850088667294415,1000
6719,19.434346397454902,1000
6720,19.103907295389448,1000
6721,18.83833560718371,1000
6722,18.612272121219668,1000
6723,18.43948828309612,1000
6724,18.305221394160043,1000
6725,18.180695016869457,1000
6726,18.081765879537883,1000
6727,22.200464646989285,2000
6728,22.199101965752597,2000
6729,22.238120070411824,2000
6730,23.682913880142785,2000
6731,23.899176454551643,2000
6732,23.89878050698862,2000
6733,23.899161566938826,2000
6734,24.666435514398987,2000
6735,24.899087937001678,2000
6736,24.62272739847879,2000
6737,23.903868433509306,2000
6738,23.899148774377853,2000
6739,22.380415831383175,2000
6740,22.200602325397302,2000
6741,20.82298862489192,1000
6742,20.16485085575074,1000
6743,19.738827384981317,1000
6744,19.445417940783706,1000
6745,19.259801264895472,1000
6746,19.15251031552423,1000
6747,19.107751897426315,1000
6748,19.091730713608644,1000
6749,19.0901584556781,1000
6750,19.112918623736935,1000
6751,22.200802052454886,2000
6752,22.20012610815815,2000
6753,22.551838905613522,2000
6754,23.8986631132804,2000
6755,23.899200696236008,2000
6756,23.899284224650337,2000
6757,23.89950586485804,2000
6758,24.688450010642256,2000
6759,25.01622721534195,2000
6760,24.569602458458,2000
6761,23.924521583983225,2000
6762,23.898885258829722,2000
6763,23.134888294751914,2000
6764,22.20130197252463,2000
6765,21.988527585882004,2000
6766,21.478969658426063,1000
6767,21.036552699095736,1000
6768,20.681280277334167,1000
6769,20.442574821936898,1000
6770,20.30187231101817,1000
6771,20.23960349432402,1000
6772,20.159612216838614,1000
6773,20.09552318600133,1000
6774,19.98144513137011,1000
6775,22.201574763527134,2000
6776,22.20181344670691,2000
6777,22.531660301837054,2000
6778,23.791331939594723,2000
6779,23.899074139929816,2000
6780,23.899057959957045,2000
6781,23.89928519432601,2000
6782,23.899184082191674,2000
6783,23.89866528965358,2000
6784,23.898682006853434,2000
6785,23.898962534531794,2000
6786,23.851199048419595,2000
6787,22.57856904062126,2000
6788,22.20257645489278,2000
6789,21.63370286430953,2000
6790,21.115077931563818,1000
6791,20.763590554837503,1000
6792,20.530731752521728,1000
6793,20.358776588846062,1000
6794,20.170749013471674,1000
6795,20.031547852251826,1000
6796,19.873645817582233,1000
6797,19.826049780832424,1000
6798,19.802377167154123,1000
6799,22.200959805357492,2000
6800,22.19957246003,2000
6801,22.814276754537698,2000
6802,23.899240137006707,2000
6803,23.898955386053082,2000
6804,23.899078904438387,2000
6805,23.89930741833419,2000
6806,23.899117230022814,2000
6807,23.898905031739197,2000
6808,23.898828532219383,2000
6809,23.89880472825844,2000
6810,23.81772810905834,2000
6811,22.497922676427255,2000
6812,22.20115988152107,2000
6813,21.551435993677874,2000
6814,21.004889350023365,1000
6815,20.63529580296464,1000
6816,20.462601814763744,1000
6817,20.504872908156972,1000
6818,20.42746259600029,1000
6819,20.333784746097436,1000
6820,20.155251869213338,1000
6821,19.984328392591713,1000
6822,19.884486399043933,1000
6823,19.94536806140119,1000
6824,20.200996288947607,1000
6825,20.651850615177622,1000
6826,21.19527536930124,1000
6827,21.912206431784202,2000
6828,22.472471845161174,2000
6829,22.452928978582566,2000
6830,22.018193636322387,2000
6831,21.7480679264094,2000
6832,21.423023670583667,1000
6833,21.040613646341466,1000
6834,20.712460667416238,1000
6835,20.46753819248457,1000
6836,20.319530839534437,1000
6837,20.182145398526238,1000
6838,20.02887106362125,1000
6839,19.844238719700044,1000
6840,19.688319026112794,1000
6841,19.573837222393493,1000
6842,19.446403724198856,1000
6843,19.31880539951249,1000
6844,19.179004822665714,1000
6845,19.05254373198503,1000
6846,18.943976779251244,1000
6847,19.06478371528235,1000
6848,19.5005984295916,1000
6849,20.157062905179334,1000
6850,21.045000597818774,1000
6851,21.94970306940253,2000
6852,22.85459663523761,2000
6853,23.772861779047354,2000
6854,24.63770581838999,2000
6855,25.422768758678476,2000
6856,25.113490457919045,2000
6857,23.81926898734747,2000
6858,22.42066178073835,2000
6859,21.515264201243113,2000
6860,20.900425666133238,1000
6861,20.479843868949253,1000
6862,20.229498687434123,1000
6863,19.994222146700825,1000
6864,19.796232520500887,1000
6865,19.47535834601084,1000
6866,19.289785307926756,1000
6867,19.055331475661053,1000
6868,18.857986013109215,1000
6869,18.689344696065337,1000
6870,18.55708986753146,1000
6871,22.20745007426075,2000
6872,22.200200940941002,2000
6873,22.200150170948945,2000
6874,23.15110270340783,2000
6875,23.88563899438759,2000
6876,23.898634355151465,2000
6877,23.89892071791511,2000
6878,23.898867898215833,2000
6879,23.898870550187894,2000
6880,23.89887372535192,2000
6881,23.8990529869012,2000
6882,23.287575729043848,2000
6883,22.202443571115797,2000
6884,22.201149677167862,2000
6885,20.28729649247506,1000
6886,19.656106838707363,1000
6887,19.233005389672744,1000
6888,18.89764651780281,1000
6889,18.644817510442554,1000
6890,18.490439163676168,1000
6891,18.414940598511116,1000
6892,18.391461443481056,1000
6893,18.35282688844381,1000
6894,18.35020613625288,1000
6895,22.199150242740174,2000
6896,22.197209715097628,2000
6897,22.201441216029313,2000
6898,22.52786114064647,2000
6899,22.94100583218975,2000
6900,23.152558956134317,2000
6901,22.768546871544757,2000
6902,23.488996455407474,2000
6903,23.88529872456504,2000
6904,23.792822516894365,2000
6905,23.32249270341507,2000
6906,22.92489077420034,2000
6907,22.202791716637318,2000
6908,22.202675460309152,2000
6909,20.57009676859646,1000
6910,20.011994678165536,1000
6911,19.684717262910528,1000
6912,19.464422645572917,1000
6913,19.288737471473283,1000
6914,19.142283648045293,1000
6915,19.01253635870391,1000
6916,18.90746136317846,1000
6917,18.847929038068703,1000
6918,18.77959121921459,1000
6919,22.201436092227283,2000
6920,22.199319726618416,2000
6921,22.200063533355,2000
6922,23.088044582554605,2000
6923,23.653630373480176,2000
6924,23.89848518776923,2000
6925,23.89870032980137,2000
6926,23.89868156081509,2000
6927,23.908905002541054,2000
6928,23.898800930108084,2000
6929,23.898949879419625,2000
6930,23.43726948077175,2000
6931,22.20274528679953,2000
6932,22.202495326346625,2000
6933,20.414300158516106,1000
6934,19.76902567102915,1000
6935,19.37087219836101,1000
6936,19.04448763426952,1000
6937,18.850777855844505,1000
6938,18.621248988219882,1000
6939,18.405375901251446,1000
6940,18.273227799923095,1000
6941,18.178061135112497,1000
6942,18.11891949187381,1000
6943,22.201238759627994,2000
6944,22.19839526634975,2000
6945,22.206336677019646,2000
6946,23.618653412863843,2000
6947,23.899197070527585,2000
6948,23.89880269905666,2000
6949,23.89913894076872,2000
6950,23.899119619140215,2000
6951,23.89906395673126,2000
6952,23.89898621313433,2000
6953,23.818410175215853,2000
6954,23.395661810519677,2000
6955,22.20290563090077,2000
6956,22.201808597123733,2000
6957,21.123093701818238,1000
6958,20.600583534624757,1000
6959,20.244923516351626,1000
6960,19.95182612524228,1000
6961,19.716358461126116,1000
6962,19.55313344928653,1000
6963,19.391134215550522,1000
6964,19.246293388436516,1000
6965,19.117488295887625,1000
6966,19.04599139107275,1000
6967,22.20359107132583,2000
6968,22.20088700986887,2000
6969,22.3458861855602,2000
6970,23.841350155436405,2000
6971,23.899082647067818,2000
6972,23.899091258298693,2000
6973,23.88546890991722,2000
6974,23.899206898711036,2000
6975,23.899020520672885,2000
6976,23.89898462441267,2000
6977,23.899060280107438,2000
6978,23.35170376836779,2000
6979,22.202063247690397,2000
6980,22.200956434351514,2000
6981,20.699761802197283,1000
6982,20.084866603722162,1000
6983,19.66280181714521,1000
6984,19.35812433226072,1000
6985,19.29472929751949,1000
6986,19.159128609085954,1000
6987,19.048931817393758,1000
6988,18.942555884126627,1000
6989,18.834824711058385,1000
6990,18.746898454327223,1000
6991,18.800129781511508,1000
6992,19.077124585549214,1000
6993,19.63986852643771,1000
6994,20.319462878934758,1000
6995,21.000655660724696,1000
6996,22.002772248579095,2000
6997,22.993519050191637,2000
6998,23.8916187728358,2000
6999,24.128697850421702,2000
7000,23.94747151683004,2000
7001,22.91222528633699,2000
7002,21.881956848240257,2000
7003,21.192081716355872,1000
7004,20.727783573033985,1000
7005,20.408058337933667,1000
7006,20.141392546722855,1000
7007,19.893135490169723,1000
7008,19.67232879718691,1000
7009,19.487460828349075,1000
7010,19.322890818428966,1000
7011,19.196051498895713,1000
7012,19.075741619497826,1000
7013,18.940224865810755,1000
7014,18.79599218579166,1000
7015,18.862414851802804,1000
7016,19.356855717191245,1000
7017,20.143968057717693,1000
7018,21.107143239667177,1000
7019,22.075391021105148,2000
7020,23.322484665128005,2000
7021,24.783097362705647,2000
7022,26.201486366269073,2000
7023,27.20383148279313,2000
7024,27.27239472090267,2000
7025,25.665065319309264,2000
7026,23.86728479280464,2000
7027,22.734628689846843,2000
7028,22.00302697425831,2000
7029,21.49182627215331,1000
7030,21.13818066958874,1000
7031,20.94076774577825,1000
7032,20.77198102426739,1000
7033,20.38916234506308,1000
7034,20.191420686701676,1000
7035,20.04849855525126,1000
7036,19.91797379231037,1000
7037,19.817032934396106,1000
7038,19.72640957040522,1000
7039,22.200915845977768,2000
7040,22.199932450850756,2000
7041,22.915151078714207,2000
7042,23.899352042663928,2000
7043,23.89919701559317,2000
7044,23.89918129766065,2000
7045,23.89938300159921,2000
7046,23.96356557986664,2000
7047,24.386877207024895,2000
7048,23.92391030252369,2000
7049,23.898997923836262,2000
7050,23.899015786667956,2000
7051,23.10193852403727,2000
7052,22.20209753853633,2000
7053,22.22965436089133,2000
7054,21.82544065094289,2000
7055,21.56239890931025,2000
7056,21.317015863236914,1000
7057,21.13207267634945,1000
7058,20.966296798017254,1000
7059,20.804830892805736,1000
7060,20.68314851035133,1000
7061,20.589492624205228,1000
7062,20.502549543443337,1000
7063,22.20292485563444,2000
7064,22.201763148804538,2000
7065,22.67223832168347,2000
7066,23.896433441609403,2000
7067,23.898863666618976,2000
7068,23.898956536416676,2000
7069,23.89917734459887,2000
7070,23.899089563869794,2000
7071,23.898975046686438,2000
7072,23.89858418985776,2000
7073,23.85130412514698,2000
7074,23.555269627610283,2000
7075,22.25814962286067,2000
7076,22.200887953487214,2000
7077,21.243967589026685,1000
7078,20.701104323951363,1000
7079,20.388445712211222,1000
7080,20.149156411684242,1000
7081,19.97282802073996,1000
7082,19.791720512875788,1000
7083,19.649083591270607,1000
7084,19.51555925328037,1000
7085,19.396102596963846,1000
7086,19.286770247667583,1000
7087,22.20763088083633,2000
7088,22.20490237592965,2000
7089,22.200276934398925,2000
7090,23.410200236453566,2000
7091,23.898317988642862,2000
7092,23.89880338122757,2000
7093,23.89882141665995,2000
7094,23.898932235503175,2000
7095,23.898929644828115,2000
7096,23.898754645789538,2000
7097,23.89940702845712,2000
7098,23.297701383197055,2000
7099,22.203048448985992,2000
7100,22.202600871368485,2000
7101,20.355809720168327,1000
7102,19.719079351599262,1000
7103,19.239934538615138,1000
7104,18.927701856067205,1000
7105,18.64453931879203,1000
7106,18.44821060836144,1000
7107,18.251181242602964,1000
7108,18.140879766510814,1000
7109,18.072515396194852,1000
7110,18.01254629870081,1000
7111,22.202508816218085,2000
7112,22.199891145873302,2000
7113,22.20007712399839,2000
7114,23.26244388913147,2000
7115,23.89891039952465,2000
7116,23.89874143593923,2000
7117,23.89904203373554,2000
7118,24.177191410450714,2000
7119,24.73745607494189,2000
7120,24.607769129571228,2000
7121,23.900114186765993,2000
7122,23.85647217532158,2000
7123,22.334388715499745,2000
7124,22.20182758120254,2000
7125,20.953093850135563,1000
7126,20.442878480863595,1000
7127,20.070985250805634,1000
7128,19.785370734576595,1000
7129,19.607728819506274,1000
7130,19.49175867977859,1000
7131,19.421687994430478,1000
7132,19.38417603256595,1000
7133,19.37593625410626,1000
7134,19.32536066106763,1000
7135,22.196720015306365,2000
7136,22.198462349803425,2000
7137,22.20071697734703,2000
7138,22.828507372788014,2000
7139,23.30488757822865,2000
7140,23.544019539079926,2000
7141,23.44254780861942,2000
7142,23.899132666451855,2000
7143,23.898989102987848,2000
7144,23.89896611396971,2000
7145,23.68718672971298,2000
7146,23.474723142169054,2000
7147,22.207604407886322,2000
7148,22.200483745809443,2000
7149,21.082896065991832,1000
7150,20.53118305201352,1000
7151,20.209075728997497,1000
7152,19.945418020427017,1000
7153,19.910077223222764,1000
7154,19.754329468794968,1000
7155,19.60415255008546,1000
7156,19.49313117850706,1000
7157,19.386313846924295,1000
7158,19.306479431610416,1000
7159,19.246832177455925,1000
7160,19.33248176878446,1000
7161,19.66930148346663,1000
7162,20.299052787894244,1000
7163,20.93093585852186,1000
7164,21.720658878833113,2000
7165,22.797230367753887,2000
7166,23.554857049910865,2000
7167,23.786350527545295,2000
7168,23.219840039383552,2000
7169,22.18700479975577,2000
7170,21.118211985407026,1000
7171,20.512453577579787,1000
7172,20.11593137511394,1000
7173,19.80902375505855,1000
7174,19.57288537575078,1000
7175,19.412572773074768,1000
7176,19.36117733082824,1000
7177,19.315100223406557,1000
7178,19.243116435685742,1000
7179,19.172401904865517,1000
7180,19.097257168162873,1000
7181,19.02665637477268,1000
7182,18.976655226334014,1000
7183,18.982459115390917,1000
7184,19.266015859703742,1000
7185,19.836866853651152,1000
7186,20.522172995362922,1000
7187,21.36161439695895,1000
7188,22.421074827149667,2000
7189,23.8373580143481,2000
7190,25.209498271241145,2000
7191,26.253841341837344,2000
7192,26.438257425055465,2000
7193,24.927675107722553,2000
7194,23.02631308022152,2000
7195,21.947320149253798,2000
7196,21.118871778261475,1000
7197,20.569343663527057,1000
7198,20.199110079433808,1000
7199,19.848448461553645,1000
7200,19.566934424089027,1000
7201,19.16930468743404,1000
7202,18.925979229312105,1000
7203,18.729523064930188,1000
7204,18.581624994874485,1000
7205,18.494696979324896,1000
7206,18.414449771796814,1000
7207,22.208189359793277,2000
7208,22.201174713317716,2000
7209,22.20014915102832,2000
7210,23.558994464992313,2000
7211,23.899117493378405,2000
7212,23.898727119090164,2000
7213,23.935600928761897,2000
7214,24.823357049630516,2000
7215,25.359521209115407,2000
7216,25.083691947651165,2000
7217,23.899760511980332,2000
7218,23.83102914805387,2000
7219,22.211809854203512,2000
7220,22.200915193499895,2000
7221,20.779639846491158,1000
7222,20.21878102033953,1000
7223,19.740963447669127,1000
7224,19.435968881225623,1000
7225,19.23354092538153,1000
7226,19.136875298243986,1000
7227,19.081155507356552,1000
7228,18.95848142499699,1000
7229,18.885550085313536,1000
7230,18.852935740719644,1000
7231,22.20084896427388,2000
7232,22.200773944004286,2000
7233,22.20031961276387,2000
7234,23.218702538637096,2000
7235,23.898551644943954,2000
7236,23.898757597705867,2000
7237,24.018511605656876,2000
7238,24.927811662885688,2000
7239,25.399151462672567,2000
7240,24.858474205544645,2000
7241,23.89913216538003,2000
7242,23.820452827812208,2000
7243,22.212235389191918,2000
7244,22.20135796898186,2000
7245,20.804708492520348,1000
7246,20.325260266580354,1000
7247,19.962417299845804,1000
7248,19.671589105276187,1000
7249,19.45959947742016,1000
7250,19.28953020363858,1000
7251,19.158958746816722,1000
7252,19.039160190125976,1000
7253,18.948141402465676,1000
7254,18.840766956960493,1000
7255,22.202713923943172,2000
7256,22.198815113542555,2000
7257,22.353101300736327,2000
7258,23.894642289565162,2000
7259,23.899077383305986,2000
7260,24.037728963053873,2000
7261,24.486498186032566,2000
7262,25.5291557102952,2000
7263,26.0491419912186,2000
7264,25.59651330221981,2000
7265,23.906704021024304,2000
7266,23.89900032420832,2000
7267,22.695015666469633,2000
7268,22.202412840987567,2000
7269,21.28434190924758,1000
7270,20.683885964961057,1000
7271,20.195456669425752,1000
7272,19.899641785454065,1000
7273,19.64518483201159,1000
7274,19.44994480525266,1000
7275,19.195844929653898,1000
7276,18.985224039279103,1000
7277,18.93352639584929,1000
7278,18.914229944192154,1000
7279,22.199897466778626,2000
7280,22.19914633610953,2000
7281,22.287358233721527,2000
7282,23.505777369786824,2000
7283,23.89405096771344,2000
7284,23.89881202751788,2000
7285,23.89894909870789,2000
7286,23.94175659203707,2000
7287,24.008454996932606,2000
7288,23.89885479125148,2000
7289,23.80803527011385,2000
7290,23.171670127603733,2000
7291,22.202213222347673,2000
7292,22.20317836733433,2000
7293,20.320767189129164,1000
7294,19.798253810282592,1000
7295,19.528771510784882,1000
7296,19.39115213631062,1000
7297,19.28184323179326,1000
7298,19.302469286013643,1000
7299,19.382366092410475,1000
7300,19.510273925563965,1000
7301,19.596864224172837,1000
7302,19.65694719397875,1000
7303,22.19739109920013,2000
7304,22.199338667132416,2000
7305,22.22557257114635,2000
7306,23.212428517020122,2000
7307,23.66046474104243,2000
7308,23.73503125649627,2000
7309,23.311816506385046,2000
7310,23.705519195556775,2000
7311,23.855671591400142,2000
7312,23.600922404027127,2000
7313,23.194026130001966,2000
7314,23.038877741016744,2000
7315,22.201569628205345,2000
7316,22.201928257737304,2000
7317,21.17898228383224,1000
7318,20.687446959442283,1000
7319,20.419680435644274,1000
7320,20.27806780198428,1000
7321,20.358262613382106,1000
7322,20.31999647799834,1000
7323,20.244430442297052,1000
7324,20.187059136092856,1000
7325,20.16250746952268,1000
7326,20.13428975596317,1000
7327,20.107149277591297,1000
7328,20.31888794622328,1000
7329,20.912996211848423,1000
7330,21.688445627999105,2000
7331,22.78374332073873,2000
7332,24.057348763370214,2000
7333,24.920462737213093,2000
7334,24.668989576777903,2000
7335,24.044826305491213,2000
7336,23.70955268493432,2000
7337,22.917439537963148,2000
7338,22.31556399342663,2000
7339,21.914420013180756,2000
7340,21.6062576105826,2000
7341,21.347287400694572,1000
7342,21.162269082752953,1000
7343,20.998197906486325,1000
7344,20.904537522487534,1000
7345,20.833236321122527,1000
7346,20.715975612397038,1000
7347,20.62792900938987,1000
7348,20.53594971455168,1000
7349,20.46401829523985,1000
7350,20.375378564096142,1000
7351,20.376946181291636,1000
7352,20.500455573453383,1000
7353,20.812753944182173,1000
7354,21.20296670024431,1000
7355,21.709552483741874,2000
7356,22.442374304223602,2000
7357,22.88306157942233,2000
7358,22.956190577038214,2000
7359,22.738710496050025,2000
7360,22.442276578792658,2000
7361,22.08836344895438,2000
7362,21.767492869316214,2000
7363,21.516245887985068,2000
7364,21.331037765847412,1000
7365,21.159198739828817,1000
7366,20.88851086372657,1000
7367,20.6657232736766,1000
7368,20.47225494277809,1000
7369,20.143299078761455,1000
7370,19.945227020730048,1000
7371,19.810628303677028,1000
7372,19.67722312900928,1000
7373,19.561387617687306,1000
7374,19.42474142377405,1000
7375,22.2041461375733,2000
7376,22.200209087817896,2000
7377,22.25189268312848,2000
7378,23.795508763725923,2000
7379,23.898889076020723,2000
7380,23.899064006976293,2000
7381,23.899414580141872,2000
7382,24.652961639679507,2000
7383,25.03725713826093,2000
7384,24.49645622180245,2000
7385,23.89939490727862,2000
7386,23.466155378161364,2000
7387,22.201633049453157,2000
7388,22.20233593981743,2000
7389,20.78411552191794,1000
7390,20.33563129957009,1000
7391,20.06185577858312,1000
7392,19.820876537576254,1000
7393,19.678246186504357,1000
7394,19.48821039913222,1000
7395,19.345467689347547,1000
7396,19.26252269929066,1000
7397,19.231028096823703,1000
7398,19.191904799569947,1000
7399,22.200106505667275,2000
7400,22.19853415446634,2000
7401,22.201069381848047,2000
7402,22.84201294001638,2000
7403,23.420961971622024,2000
7404,23.66246403056372,2000
7405,23.32297162104511,2000
7406,23.882528352419815,2000
7407,23.899131546474404,2000
7408,23.89916829069132,2000
7409,23.22893715442979,2000
7410,22.896404425683976,2000
7411,22.202038394092586,2000
7412,22.1999479695858,2000
7413,20.753846322660685,1000
7414,20.324308997299145,1000
7415,20.069303146559115,1000
7416,19.9068504983045,1000
7417,19.781060163293333,1000
7418,19.71308426912905,1000
7419,19.653323712436432,1000
7420,19.59690013421084,1000
7421,19.518054669599994,1000
7422,19.463013562732442,1000
7423,22.200752776479668,2000
7424,22.20004625386351,2000
7425,22.199905471874217,2000
7426,23.02284712938421,2000
7427,23.56366845694946,2000
7428,23.87075318701609,2000
7429,23.503241780518426,2000
7430,23.86887678674097,2000
7431,23.899199533138052,2000
7432,23.49736085332449,2000
7433,23.052473422479625,2000
7434,22.86048002208908,2000
7435,22.20165840236874,2000
7436,22.201242392073926,2000
7437,20.89832667619381,1000
7438,20.47677985710297,1000
7439,20.276391161938236,1000
7440,20.114132019631093,1000
7441,20.019855543014287,1000
7442,19.92831876793175,1000
7443,19.875103311903914,1000
7444,19.818816899767093,1000
7445,19.71961888003437,1000
7446,19.6722747657646,1000
7447,22.203011210327166,2000
7448,22.199207115193868,2000
7449,22.201373505781525,2000
7450,23.059068647990056,2000
7451,23.567370442685196,2000
7452,23.89294911125788,2000
7453,23.742907590667322,2000
7454,23.899157490060276,2000
7455,23.899042582195,2000
7456,23.89903257887611,2000
7457,23.379274439824933,2000
7458,23.1076238028419,2000
7459,22.20236108621525,2000
7460,22.20079114440701,2000
7461,21.05208559164015,1000
7462,20.568625301002637,1000
7463,20.339075434620597,1000
7464,20.169950773747757,1000
7465,20.051374540869883,1000
7466,19.994664382728082,1000
7467,19.922017305131558,1000
7468,19.885508691061336,1000
7469,19.82071426020513,1000
7470,19.791155717305795,1000
7471,22.203315800729403,2000
7472,22.200295949783207,2000
7473,22.374711619404593,2000
7474,23.622969954798563,2000
7475,23.898893713961762,2000
7476,23.898927290042657,2000
7477,23.89921380436721,2000
7478,23.89911747735601,2000
7479,23.898981348707327,2000
7480,23.898927017082002,2000
7481,23.773057594538397,2000
7482,23.573547754325478,2000
7483,22.37746902030972,2000
7484,22.200871657059018,2000
7485,21.54710507356196,2000
7486,21.088964447427404,1000
7487,20.780552862004164,1000
7488,20.528178087897228,1000
7489,20.58897686324779,1000
7490,20.530752585418373,1000
7491,20.46632111449631,1000
7492,20.407548088495272,1000
7493,20.352134266571532,1000
7494,20.344366470006094,1000
7495,20.38224731848721,1000
7496,20.535773009466215,1000
7497,20.744907581814335,1000
7498,20.843143565988928,1000
7499,21.565490255558696,2000
7500,22.31197547674256,2000
7501,23.5396459684782,2000
7502,24.60935248301715,2000
7503,24.680278577940253,2000
7504,23.882311748796017,2000
7505,22.59764186382408,2000
7506,21.51370918786391,2000
7507,20.477015646700927,1000
7508,19.905885084598523,1000
7509,19.404609268574276,1000
7510,18.967246707390363,1000
7511,18.6468445023513,1000
7512,18.478253746762046,1000
7513,18.38909998476305,1000
7514,18.235939824424012,1000
7515,18.14296062720144,1000
7516,17.942469365530695,1000
7517,17.85257078441611,1000
7518,17.796097891455886,1000
7519,17.760131345465403,1000
7520,17.86607943906458,1000
7521,17.941853887725717,1000
7522,18.12086731828166,1000
7523,18.345464881441817,1000
7524,18.513323296411876,1000
7525,18.709917881666588,1000
7526,18.800823201753197,1000
7527,18.84173882049494,1000
7528,18.675915543333417,1000
7529,18.337327466762915,1000
7530,18.130168551063363,1000
7531,17.98771787554658,1000
7532,17.91750203876563,1000
7533,17.924003638026885,1000
7534,17.78939202486852,1000
7535,17.758611829752173,1000
7536,17.828430598996327,1000
7537,17.614304947166048,1000
7538,17.55750311702867,1000
7539,17.513222932147002,1000
7540,17.41578431832135,1000
7541,17.34662648222228,1000
7542,17.263551584300846,1000
7543,21.77892071502138,2000
7544,22.202420149290482,2000
7545,22.20161272037725,2000
7546,22.225707205974157,2000
7547,22.611275634228313,2000
7548,23.345012201224794,2000
7549,23.260061667472648,2000
7550,23.899114328706656,2000
7551,23.89911846819355,2000
7552,23.89921114786876,2000
7553,22.801766612086695,2000
7554,22.202688560022708,2000
7555,22.204370437374454,2000
7556,22.202610209388073,2000
7557,19.500575937783942,1000
7558,18.793740840545315,1000
7559,18.30786296645267,1000
7560,17.934433707558764,1000
7561,17.628231728856097,1000
7562,17.393635676822857,1000
7563,17.206444049476143,1000
7564,17.02313275969751,1000
7565,16.93255387948741,1000
7566,16.81739251340016,1000
7567,21.276182458184948,1000
7568,22.19922120849803,2000
7569,22.200973137463137,2000
7570,22.200496072047954,2000
7571,23.049298826198424,2000
7572,23.88887886374569,2000
7573,23.89922786497707,2000
7574,23.899407618714882,2000
7575,23.899290294988106,2000
7576,23.89914956771972,2000
7577,22.86842380186711,2000
7578,22.201884298597754,2000
7579,22.20429780764114,2000
7580,22.202719030843223,2000
7581,19.508499731673837,1000
7582,18.714061122098013,1000
7583,18.21082903947484,1000
7584,17.896376924693726,1000
7585,17.652435799090448,1000
7586,17.510624256807223,1000
7587,17.367265240266637,1000
7588,17.3538899934919,1000
7589,17.330578719326766,1000
7590,17.221594779230678,1000
7591,21.802054117030686,2000
7592,22.199776158085918,2000
7593,22.200102381191254,2000
7594,22.20024710560147,2000
7595,22.613846742796927,2000
7596,22.699115463703222,2000
7597,22.298100536526025,2000
7598,22.7374436961018,2000
7599,22.53537937045211,2000
7600,22.200048449206367,2000
7601,22.20300350827881,2000
7602,22.20288530096013,2000
7603,22.20305272862371,2000
7604,22.20096483528108,2000
7605,19.61530565873928,1000
7606,19.075705899299777,1000
7607,18.593217224805308,1000
7608,18.31510981827348,1000
7609,18.10992311279285,1000
7610,17.97086991064553,1000
7611,17.884173104480745,1000
7612,17.790349045669622,1000
7613,17.778692441638626,1000
7614,17.741297948793132,1000
7615,22.194813238880606,2000
7616,22.199368291024363,2000
7617,22.200673140981287,2000
7618,22.805430255836825,2000
7619,23.894455845311093,2000
7620,23.898865978182982,2000
7621,23.899271028153272,2000
7622,24.33855537532104,2000
7623,24.386173588109084,2000
7624,23.919895318198023,2000
7625,23.80647120651781,2000
7626,23.101539637055605,2000
7627,22.20315594518912,2000
7628,22.201133301024505,2000
7629,20.364931108821743,1000
7630,19.85299731518051,1000
7631,19.467614174342863,1000
7632,19.19972720325755,1000
7633,19.043426457437004,1000
7634,18.9787338214279,1000
7635,18.833505998776555,1000
7636,18.86564026061623,1000
7637,18.772977619415673,1000
7638,18.76643985201905,1000
7639,22.198330769758748,2000
7640,22.198230278198697,2000
7641,22.20080396461858,2000
7642,23.15259182156114,2000
7643,23.8974591897653,2000
7644,23.89879466094993,2000
7645,23.89910130800519,2000
7646,23.899193692131266,2000
7647,23.899125077929867,2000
7648,23.826484863016447,2000
7649,23.228590488241586,2000
7650,22.95718079889407,2000
7651,22.202741383183152,2000
7652,22.201797130379028,2000
7653,20.691729193750017,1000
7654,20.306580642678064,1000
7655,20.07291194879235,1000
7656,19.85618759075657,1000
7657,19.852632650271463,1000
7658,19.647762505216274,1000
7659,19.45460263568875,1000
7660,19.335128624168778,1000
7661,19.157291757537077,1000
7662,18.98839334097206,1000
7663,18.807480912205158,1000
7664,18.885346297631113,1000
7665,19.350971063435235,1000
7666,19.98470201297162,1000
7667,20.385574212815474,1000
7668,21.052243863773544,1000
7669,22.21024850539616,2000
7670,23.095923924601568,2000
7671,21.70893742739401,2000
7672,20.834544449330913,1000
7673,20.250810142629845,1000
7674,19.89572635837528,1000
7675,19.588854277190983,1000
7676,19.312116663652514,1000
7677,19.183303293011473,1000
7678,19.119002670624845,1000
7679,19.033296803526568,1000
7680,18.952118005238244,1000
7681,18.852719714460235,1000
7682,18.723997859947975,1000
7683,18.631908952510503,1000
7684,18.50147972292592,1000
7685,18.38824686486932,1000
7686,18.23257988934058,1000
7687,18.08085737603059,1000
7688,18.135058268735435,1000
7689,18.662660634159277,1000
7690,19.222731255154585,1000
7691,20.10823504935288,1000
7692,20.03124138629762,1000
7693,20.319435787343924,1000
7694,20.304019641016417,1000
7695,20.6347280292869,1000
7696,20.04207335808762,1000
7697,19.44300215247547,1000
7698,19.096173917651477,1000
7699,18.85339049573076,1000
7700,18.583032129555722,1000
7701,18.40138001000371,1000
7702,18.35440964599045,1000
7703,18.241350820210656,1000
7704,18.204000792466204,1000
7705,17.907091255441287,1000
7706,17.831481158399644,1000
7707,17.703559145696897,1000
7708,17.6362093351657,1000
7709,17.605192845060998,1000
7710,17.569398288118485,1000
7711,22.16808317756975,2000
7712,22.202838462608295,2000
7713,22.201934037044268,2000
7714,22.219657136795064,2000
7715,23.414709934841568,2000
7716,23.897821642764853,2000
7717,23.89930777119707,2000
7718,24.243630937508055,2000
7719,24.70066580696596,2000
7720,24.109119247059432,2000
7721,23.672536155432837,2000
7722,22.7473725137232,2000
7723,22.202045855114196,2000
7724,22.202572791342394,2000
7725,19.951883956255394,1000
7726,19.338811596518703,1000
7727,18.897598454150785,1000
7728,18.598624025136683,1000
7729,18.337136721276714,1000
7730,18.16571555483603,1000
7731,17.97337634828127,1000
7732,17.95555424949748,1000
7733,17.876973338230258,1000
7734,17.774437475462978,1000
7735,22.19644832993975,2000
7736,22.202120585098537,2000
7737,22.200052064082424,2000
7738,22.22765136445364,2000
7739,22.564476692793964,2000
7740,22.658622007668278,2000
7741,22.249164654243177,2000
7742,22.57527147896735,2000
7743,22.876500844530234,2000
7744,22.701655179446387,2000
7745,22.201914398561186,2000
7746,22.202462653265435,2000
7747,22.202789526735522,2000
7748,22.2007729534427,2000
7749,19.86333098343777,1000
7750,19.320555659379785,1000
7751,18.960271808745254,1000
7752,18.778311967410175,1000
7753,18.656214621114195,1000
7754,18.584915270805656,1000
7755,18.6021214899072,1000
7756,18.51280883009971,1000
7757,18.450308540499062,1000
7758,18.40886884779081,1000
7759,22.199166407302336,2000
7760,22.197785490258223,2000
7761,22.20081562463875,2000
7762,22.42763624619422,2000
7763,22.94221733072553,2000
7764,23.133577715760033,2000
7765,22.870806843051938,2000
7766,23.48623423316999,2000
7767,23.789814984686796,2000
7768,23.610467070135847,2000
7769,23.11621419970047,2000
7770,22.72727188249203,2000
7771,22.204421726505856,2000
7772,22.203225554526206,2000
7773,20.26802740076769,1000
7774,19.61068456081616,1000
7775,18.934913748111295,1000
7776,18.503812721656075,1000
7777,18.11319600423312,1000
7778,17.903071197838756,1000
7779,17.532311078976143,1000
7780,17.326696989089683,1000
7781,17.108837338685767,1000
7782,16.91799766299201,1000
7783,21.279167095023524,1000
7784,22.19099857400436,2000
7785,22.202335755289297,2000
7786,22.262482975911308,2000
7787,23.145198741338536,2000
7788,23.897082770676203,2000
7789,23.89927683094627,2000
7790,23.899358132162988,2000
7791,23.899186449272996,2000
7792,23.82887855872766,2000
7793,22.361750242378175,2000
7794,22.2033470940704,2000
7795,22.203496158914486,2000
7796,22.203499461966658,2000
7797,19.187999568307045,1000
7798,18.39295165462012,1000
7799,17.833091455350658,1000
7800,17.573504056503314,1000
7801,17.298647388599626,1000
7802,17.220939736324308,1000
7803,17.128073982242302,1000
7804,17.081078210983584,1000
7805,16.98529715104121,1000
7806,16.97677624711356,1000
7807,21.531992098846807,2000
7808,22.199223055733693,2000
7809,22.20255456786084,2000
7810,22.201376438639656,2000
7811,22.20139671036577,2000
7812,22.200914058801878,2000
7813,22.200248820998258,2000
7814,22.385151886694235,2000
7815,22.83930089743098,2000
7816,22.273235360853903,2000
7817,22.20062304633066,2000
7818,22.201835877339352,2000
7819,22.203753660875254,2000
7820,22.201936396836675,2000
7821,19.60825100993341,1000
7822,18.97191438529837,1000
7823,18.544687303860684,1000
7824,18.352397403344437,1000
7825,18.36545157161974,1000
7826,18.240428284607322,1000
7827,18.183448163108658,1000
7828,18.144874851538585,1000
7829,18.097100292108625,1000
7830,18.016526731212362,1000
7831,18.049589991960612,1000
7832,18.084225993743757,1000
7833,18.139211929444404,1000
7834,18.3649031087286,1000
7835,18.582939386716248,1000
7836,18.734843460249827,1000
7837,18.942413183396148,1000
7838,18.913367975438685,1000
7839,18.9149128153135,1000
7840,18.790075527675665,1000
7841,18.50769356832958,1000
7842,18.375130177559754,1000
7843,18.217403938226013,1000
7844,18.105861807664166,1000
7845,18.06242179532621,1000
7846,18.004116717185845,1000
7847,17.91652469558601,1000
7848,17.925527433019006,1000
7849,17.81560230443535,1000
7850,17.71499213180571,1000
7851,17.648047207451285,1000
7852,17.67980411527928,1000
7853,17.663443618355267,1000
7854,17.661383191080215,1000
7855,17.642953001042645,1000
7856,17.690141140192978,1000
7857,17.949623630528976,1000
7858,18.52758601899503,1000
7859,19.662989377255723,1000
7860,20.666496170049392,1000
7861,21.642858188332262,2000
7862,23.118748292377028,2000
7863,23.536468901945373,2000
7864,22.334966675404306,2000
7865,20.632295312053223,1000
7866,19.672493179689823,1000
7867,19.020480598175027,1000
7868,18.645598569071076,1000
7869,18.380909896955938,1000
7870,18.220332313502016,1000
7871,18.03210743061229,1000
7872,17.867449398192022,1000
7873,17.505024331364165,1000
7874,17.50577205053779,1000
7875,17.538706329985807,1000
7876,17.469128933575156,1000
7877,17.419665565362532,1000
7878,17.381059380650047,1000
7879,22.02306953799673,2000
7880,22.19854144120848,2000
7881,22.203374171071285,2000
7882,22.203244173577442,2000
7883,22.20112095689433,2000
7884,22.20062585255286,2000
7885,22.20058247839644,2000
7886,22.20187898796345,2000
7887,22.201873967800598,2000
7888,22.202016913978387,2000
7889,22.203144029819885,2000
7890,22.20436310584621,2000
7891,22.206823136301313,2000
7892,22.20189636064565,2000
7893,18.20161581113223,1000
7894,17.044039633146042,1000
7895,16.700789432458375,1000
7896,16.70085125387699,1000
7897,16.7008885311636,1000
7898,16.699579181984273,1000
7899,16.700289718505246,1000
7900,16.699711279183887,1000
7901,16.700249416376217,1000
7902,16.700537784447153,1000
7903,19.9995305278359,1000
7904,21.06803297457092,1000
7905,22.201471609931225,2000
7906,22.201090006357497,2000
7907,22.453907745994243,2000
7908,23.366493644569186,2000
7909,23.821485359279812,2000
7910,23.89929342110273,2000
7911,23.89936608193056,2000
7912,22.728494119730005,2000
7913,22.20311720695859,2000
7914,22.204378256622856,2000
7915,22.20522737213316,2000
7916,22.203335544788718,2000
7917,18.461572569153315,1000
7918,17.610626567181225,1000
7919,17.219354514523378,1000
7920,16.960116574985605,1000
7921,16.752299687860038,1000
7922,16.700614472435806,1000
7923,16.700683686839888,1000
7924,16.699324000350245,1000
7925,16.700650617892716,1000
7926,16.700610816663655,1000
7927,20.934576331565616,1000
7928,21.89152362263462,2000
7929,22.204092694423277,2000
7930,22.20240120251243,2000
7931,22.201258519542275,2000
7932,22.200850263593395,2000
7933,22.2020777670349,2000
7934,22.201314242604177,2000
7935,22.201725078505397,2000
7936,22.201949574834885,2000
7937,22.203175277012217,2000
7938,22.20340814823811,2000
7939,22.204746971737947,2000
7940,22.203998576646335,2000
7941,18.88162233670352,1000
7942,18.060708483616796,1000
7943,17.50287978889969,1000
7944,17.138573457677968,1000
7945,16.875258839591062,1000
7946,16.70105638949381,1000
7947,16.700058426670324,1000
7948,16.69993315014865,1000
7949,16.70058287829836,1000
7950,16.69934741767194,1000
7951,20.433354345748025,1000
7952,21.43877140302229,1000
7953,22.200824812572662,2000
7954,22.201497232162573,2000
7955,22.767160233626416,2000
7956,23.35725549863499,2000
7957,23.58257039520159,2000
7958,23.89917062176967,2000
7959,23.505787887768836,2000
7960,22.89223108379675,2000
7961,22.20286852060801,2000
7962,22.201866048825636,2000
7963,22.20417485193797,2000
7964,22.201382805683114,2000
7965,18.803887632081416,1000
7966,18.038217031650408,1000
7967,17.533635416820474,1000
7968,17.320962520404162,1000
7969,16.953814048865837,1000
7970,16.70018585589652,1000
7971,16.699691499936137,1000
7972,16.70021831897697,1000
7973,16.700673034354427,1000
7974,16.699912339154377,1000
7975,20.81676112841086,1000
7976,21.882447897434666,2000
7977,22.200809870439635,2000
7978,22.2529224640451,2000
7979,22.928713184874923,2000
7980,23.3155534678344,2000
7981,23.890214554067654,2000
7982,23.89919122412577,2000
7983,23.899109209618913,2000
7984,23.89924628696863,2000
7985,22.601766375053174,2000
7986,22.2025046465232,2000
7987,22.20429870274623,2000
7988,22.20347523114433,2000
7989,19.131995721302857,1000
7990,18.285681629663607,1000
7991,17.767098215530407,1000
7992,17.554800635034987,1000
7993,17.491431209511084,1000
7994,17.201966531842416,1000
7995,17.00099723859137,1000
7996,16.93922066044882,1000
7997,16.992083643541456,1000
7998,17.045989761440758,1000
7999,17.079983380894014,1000
8000,17.225904020852923,1000
8001,17.490598361791076,1000
8002,17.801465553662943,1000
8003,18.206035095567856,1000
8004,18.520423030313204,1000
8005,18.793228398357897,1000
8006,18.985485386721855,1000
8007,18.929785986570035,1000
8008,18.80680838037986,1000
8009,18.565825808290935,1000
8010,18.398486359297927,1000
8011,18.305303778407726,1000
8012,18.206719873865616,1000
8013,18.143460760959396,1000
8014,18.113581133831786,1000
8015,18.104038751104454,1000
8016,18.10762205626936,1000
8017,18.103767339747847,1000
8018,18.08165131915977,1000
8019,18.07465768137704,1000
8020,18.082081732454537,1000
8021,18.13577526438498,1000
8022,18.216756971034535,1000
8023,18.248418726561308,1000
8024,18.348600557635756,1000
8025,18.498772857265745,1000
8026,18.69172871256755,1000
8027,18.630143954516285,1000
8028,18.668037983833404,1000
8029,18.675580966654017,1000
8030,18.63667522690332,1000
8031,18.527047560128096,1000
8032,18.40901468210904,1000
8033,18.244018658222565,1000
8034,18.04500086155632,1000
8035,17.952291278696332,1000
8036,17.880988459450993,1000
8037,17.79225539642566,1000
8038,17.84147677217572,1000
8039,17.714843756703615,1000
8040,17.649628619901566,1000
8041,17.373175691584237,1000
8042,17.29951140715493,1000
8043,17.257619459408716,1000
8044,17.18627372972503,1000
8045,17.122478681875933,1000
8046,17.081321182953786,1000
8047,21.784339807589056,2000
8048,22.202546396847975,2000
8049,22.202016649931753,2000
8050,22.201629262979818,2000
8051,22.201641682704903,2000
8052,22.200839944492433,2000
8053,22.202570979434586,2000
8054,22.200392522035315,2000
8055,22.200360916217445,2000
8056,22.201396893009495,2000
8057,22.202862244962283,2000
8058,22.20252335868235,2000
8059,22.204066357824004,2000
8060,22.201241447243817,2000
8061,19.19868261199749,1000
8062,18.450789474168396,1000
8063,17.9484593105087,1000
8064,17.67176056462903,1000
8065,17.33361784094352,1000
8066,17.03454011787076,1000
8067,16.808881687336203,1000
8068,16.817354904437313,1000
8069,16.842531405048017,1000
8070,16.837160989673514,1000
8071,21.424316999041103,1000
8072,22.199761792889053,2000
8073,22.200038883601486,2000
8074,22.202132414417928,2000
8075,22.20150680953652,2000
8076,22.20141127013465,2000
8077,22.200923875789677,2000
8078,22.268222530357644,2000
8079,22.27458129874651,2000
8080,22.201624993100243,2000
8081,22.20162027179561,2000
8082,22.202028217315235,2000
8083,22.201742256291137,2000
8084,22.200295019570948,2000
8085,19.531093571951672,1000
8086,18.856613076517903,1000
8087,18.476454970508495,1000
8088,18.175409942954275,1000
8089,17.978503751517326,1000
8090,17.816848961893633,1000
8091,17.70074501647814,1000
8092,17.524084265826964,1000
8093,17.392191836354506,1000
8094,17.308114373877988,1000
8095,21.98986905492713,2000
8096,22.203925849578322,2000
8097,22.203187001320348,2000
8098,22.201162839191486,2000
8099,22.672818199618227,2000
8100,23.73035252857799,2000
8101,23.899089645379338,2000
8102,23.89931810453445,2000
8103,23.899232128067094,2000
8104,23.899067005274304,2000
8105,22.782164001749408,2000
8106,22.202565008819843,2000
8107,22.201742115177634,2000
8108,22.202990327736764,2000
8109,19.33315101967425,1000
8110,18.582251635127022,1000
8111,18.06036421040091,1000
8112,17.86964170422302,1000
8113,17.705940290859907,1000
8114,17.5176247731313,1000
8115,17.465338239967515,1000
8116,17.351111139861008,1000
8117,17.211277270750813,1000
8118,17.040868465959615,1000
8119,21.609753525891676,2000
8120,22.201333513267677,2000
8121,22.201112341032548,2000
8122,22.547932014254236,2000
8123,23.878660443829084,2000
8124,23.898752533002103,2000
8125,23.899263737234943,2000
8126,24.70242704343349,2000
8127,24.98259661117938,2000
8128,24.168042246036784,2000
8129,23.59025755731918,2000
8130,22.614826558124662,2000
8131,22.202330672821684,2000
8132,22.202429602333133,2000
8133,19.36522498806746,1000
8134,18.57387786385934,1000
8135,18.104865508478813,1000
8136,17.809679680836922,1000
8137,17.56863008885574,1000
8138,17.39544944800624,1000
8139,17.268275602817887,1000
8140,17.149837407922323,1000
8141,17.020274317920606,1000
8142,17.04294185544692,1000
8143,21.802552728093797,2000
8144,22.200197351629203,2000
8145,22.201267612793494,2000
8146,22.20125891195928,2000
8147,22.85928138300434,2000
8148,22.987657766378682,2000
8149,22.955548947782802,2000
8150,22.889248888294798,2000
8151,23.088041952837244,2000
8152,22.904702107273646,2000
8153,22.201729079663483,2000
8154,22.201512252955983,2000
8155,22.20209881674959,2000
8156,22.203512497240858,2000
8157,19.770624881122004,1000
8158,19.158559673146858,1000
8159,18.830769785335235,1000
8160,18.6179861270413,1000
8161,18.59697332494102,1000
8162,18.51468763697373,1000
8163,18.488558769637006,1000
8164,18.40812529769683,1000
8165,18.39481927456917,1000
8166,18.401991931273,1000
8167,18.34867708940296,1000
8168,18.35101217982004,1000
8169,18.531177004709175,1000
8170,18.808052289692217,1000
8171,19.38204943331943,1000
8172,20.79824400269452,1000
8173,21.006536901193467,1000
8174,21.481339680388682,1000
8175,21.784906799129722,2000
8176,21.09768697797137,1000
8177,20.285578924064822,1000
8178,19.759491643741395,1000
8179,19.36270048232618,1000
8180,19.047729712335922,1000
8181,18.858892046373683,1000
8182,18.679778955091123,1000
8183,18.486267940115898,1000
8184,18.285366312475993,1000
8185,18.177875941867107,1000
8186,18.113844593494186,1000
8187,18.002793193190282,1000
8188,17.971581193155206,1000
8189,17.83074087730867,1000
8190,17.77460267042832,1000
8191,17.724692112576722,1000
8192,17.74857765000142,1000
8193,17.802961552327137,1000
8194,17.9600310859705,1000
8195,18.166385560209317,1000
8196,18.275646990802528,1000
8197,18.475840910161985,1000
8198,18.434651461324847,1000
8199,18.4436776083933,1000
8200,18.325536402482868,1000
8201,17.941013579401634,1000
8202,17.728258577647182,1000
8203,17.48617616364986,1000
8204,17.455441810399037,1000
8205,17.249099766414002,1000
8206,17.247249274524734,1000
8207,17.152285762940146,1000
8208,17.13074013495224,1000
8209,16.893045227909987,1000
8210,16.857483594575598,1000
8211,16.777670126832795,1000
8212,16.699871604286788,1000
8213,16.70057397641269,1000
8214,16.699852714892774,1000
8215,21.105794342973383,1000
8216,22.191155918232926,2000
8217,22.201594297304396,2000
8218,22.201287135483902,2000
8219,22.20079041265783,2000
8220,22.201547985381616,2000
8221,22.201461689005015,2000
8222,22.201357910114577,2000
8223,22.20241614293751,2000
8224,22.201951596808215,2000
8225,22.20292431011075,2000
8226,22.203374146082272,2000
8227,22.203570181599098,2000
8228,22.201788293381387,2000
8229,18.563494946659127,1000
8230,17.72205401709348,1000
8231,17.2686795227825,1000
8232,16.919943024780412,1000
8233,16.700938811696698,1000
8234,16.700351107586854,1000
8235,16.699436932365366,1000
8236,16.69985835070256,1000
8237,16.699194928058482,1000
8238,16.699413213587825,1000
8239,20.849827536414878,1000
8240,22.02305909145662,2000
8241,22.202528719553,2000
8242,22.201323446417582,2000
8243,23.11536333573606,2000
8244,23.888080665281134,2000
8245,23.899181418564506,2000
8246,23.903770378962065,2000
8247,23.90709928737284,2000
8248,23.89937865520671,2000
8249,22.492347310127634,2000
8250,22.202181473617994,2000
8251,22.203989369144903,2000
8252,22.203444260491086,2000
8253,18.853133347783228,1000
8254,18.0340174564483,1000
8255,17.60614101816667,1000
8256,17.331912507143194,1000
8257,17.088335291254616,1000
8258,16.885022249211012,1000
8259,16.706764571543914,1000
8260,16.69933390921637,1000
8261,16.700104469058292,1000
8262,16.699304178583,1000
8263,21.04744710444893,1000
8264,22.14063239002538,2000
8265,22.20297861252917,2000
8266,22.20019483710298,2000
8267,22.560788834380514,2000
8268,22.642971436816307,2000
8269,23.43787075662143,2000
8270,23.898980929791087,2000
8271,24.207165356862507,2000
8272,23.900433859114212,2000
8273,22.831985591376323,2000
8274,22.20248205698456,2000
8275,22.20394262220274,2000
8276,22.20120398889192,2000
8277,19.161494763424795,1000
8278,18.385156583753783,1000
8279,17.878090997517674,1000
8280,17.356972256811137,1000
8281,16.980770592708108,1000
8282,16.89162365576857,1000
8283,16.701691608079628,1000
8284,16.699838693826546,1000
8285,16.699855402897693,1000
8286,16.699870281144936,1000
8287,21.2183204170584,1000
8288,22.19868804760361,2000
8289,22.200851972117327,2000
8290,22.253381817045394,2000
8291,23.109081325260345,2000
8292,23.497857599180183,2000
8293,23.442878264855374,2000
8294,23.24515081893889,2000
8295,23.175421314654574,2000
8296,22.46893668260585,2000
8297,22.202094385874357,2000
8298,22.20163405984967,2000
8299,22.203606404707465,2000
8300,22.200986514961137,2000
8301,19.470424977379224,1000
8302,18.786220012848226,1000
8303,18.30639795308883,1000
8304,18.026627952537094,1000
8305,17.820539568487234,1000
8306,17.72104840265899,1000
8307,17.611576737286583,1000
8308,17.543687662760078,1000
8309,17.41346999756287,1000
8310,17.325646170447975,1000
8311,21.988546096483724,2000
8312,22.201448519116862,2000
8313,22.202962074532387,2000
8314,22.201439448057315,2000
8315,22.200872889792066,2000
8316,22.20043364809731,2000
8317,22.20076700553612,2000
8318,22.425984966274992,2000
8319,22.526308298449493,2000
8320,22.423828195086667,2000
8321,22.202357473597587,2000
8322,22.20126189397659,2000
8323,22.20432683741358,2000
8324,22.201970518469185,2000
8325,19.464830312812396,1000
8326,18.846617143661813,1000
8327,18.40951656129022,1000
8328,18.150197635217957,1000
8329,18.07209336656137,1000
8330,17.943500342511502,1000
8331,17.906340844184648,1000
8332,17.836467350845872,1000
8333,17.773414468052845,1000
8334,17.630143043158142,1000
8335,17.56784917777817,1000
8336,17.61032795220493,1000
8337,17.80158226738012,1000
8338,18.060790249328335,1000
8339,18.277707852294444,1000
8340,18.514017252097595,1000
8341,18.862756884142662,1000
8342,19.565668829647407,1000
8343,19.50472028224874,1000
8344,18.988003088859823,1000
8345,18.471698170238934,1000
8346,18.059083591179746,1000
8347,17.880045039120635,1000
8348,17.491855944670252,1000
8349,17.14180333112743,1000
8350,16.882859609389417,1000
8351,16.701157138299443,1000
8352,16.70032788635214,1000
8353,16.699569269017022,1000
8354,16.700364129668852,1000
8355,16.699895978482118,1000
8356,16.7002335302478,1000
8357,16.699955742790195,1000
8358,16.70068818638582,1000
8359,16.700226542632752,1000
8360,16.699492049243606,1000
8361,16.73349619603493,1000
8362,17.408540058474575,1000
8363,18.262078093740783,1000
8364,19.441592358491434,1000
8365,20.427776296056507,1000
8366,21.12094953295651,1000
8367,21.431037195237465,1000
8368,20.92306791146558,1000
8369,19.174775604332005,1000
8370,18.178327036965154,1000
8371,17.491924993755845,1000
8372,17.124661891216583,1000
8373,16.861158701322832,1000
8374,16.728943333538435,1000
8375,16.699395780363524,1000
8376,16.70030346743153,1000
8377,16.699881268604404,1000
8378,16.699629316588933,1000
8379,16.699465611216223,1000
8380,16.7003764140749,1000
8381,16.700279496493106,1000
8382,16.69921964940327,1000
8383,20.472445043821423,1000
8384,21.376864911201448,1000
8385,22.20120201254185,2000
8386,22.2012303693026,2000
8387,22.585021687983602,2000
8388,22.20060697582702,2000
8389,22.202074766605993,2000
8390,22.201156172608922,2000
8391,22.202562905070568,2000
8392,22.202491392263404,2000
8393,22.202264122679814,2000
8394,22.204135239285886,2000
8395,22.206125805894043,2000
8396,22.203400131009435,2000
8397,18.67595346417721,1000
8398,17.974516596828508,1000
8399,17.530780120429966,1000
8400,17.102412325084064,1000
8401,16.760795773498913,1000
8402,16.700264213916544,1000
8403,16.69996021141649,1000
8404,16.699517400336582,1000
8405,16.699059969326356,1000
8406,16.69934782837262,1000
8407,20.845322264928477,1000
8408,21.712493686920283,2000
8409,22.20263223040944,2000
8410,22.201384747215467,2000
8411,22.20304520254704,2000
8412,22.202219506955643,2000
8413,22.200648181352634,2000
8414,22.203864088840316,2000
8415,22.202064052892574,2000
8416,22.202875977033788,2000
8417,22.204103508131386,2000
8418,22.205278967543286,2000
8419,22.202978405445723,2000
8420,22.20161465027749,2000
8421,18.090750488016333,1000
8422,17.144880680152124,1000
8423,16.700162181828503,1000
8424,16.700393257636563,1000
8425,16.699403578169843,1000
8426,16.699088234655683,1000
8427,16.699191735162287,1000
8428,16.7000501947369,1000
8429,16.69965161700006,1000
8430,16.70004921909007,1000
8431,20.196366007557614,1000
8432,21.3155471524914,1000
8433,22.200704443162675,2000
8434,22.20218542664273,2000
8435,22.440775366292907,2000
8436,23.406405254861433,2000
8437,23.89296009652891,2000
8438,23.899200101230004,2000
8439,23.89923333162406,2000
8440,23.817404963245167,2000
8441,22.20387319405294,2000
8442,22.203244482041217,2000
8443,22.20284669341832,2000
8444,22.203412972872684,2000
8445,18.39205377609187,1000
8446,17.406613130782358,1000
8447,16.811751948586217,1000
8448,16.700473077173758,1000
8449,16.699819469775402,1000
8450,16.699682774298704,1000
8451,16.69948553059115,1000
8452,16.699620813167968,1000
8453,16.699526274031506,1000
8454,16.700197144348422,1000
8455,19.88147217388729,1000
8456,20.637730177981027,1000
8457,22.202667421241582,2000
8458,22.200837877442027,2000
8459,22.570552964225907,2000
8460,23.458356490653248,2000
8461,23.78326782414762,2000
8462,23.89917021639189,2000
8463,23.899210707655115,2000
8464,23.899340846378376,2000
8465,22.310760157002825,2000
8466,22.202471102549893,2000
8467,22.20417104853259,2000
8468,22.204357103007457,2000
8469,18.10550244375251,1000
8470,17.170064232775054,1000
8471,16.755889281046816,1000
8472,16.69961546689118,1000
8473,16.69953155795578,1000
8474,16.700037542131284,1000
8475,16.699976848673064,1000
8476,16.700108334495475,1000
8477,16.69944675497532,1000
8478,16.700063574509286,1000
8479,19.920863111098857,1000
8480,20.68890563244382,1000
8481,22.205238820594403,2000
8482,22.202359060839335,2000
8483,22.26303571306352,2000
8484,22.740957154830692,2000
8485,22.892932761537843,2000
8486,23.897331406507647,2000
8487,23.899191632532293,2000
8488,22.855635816182353,2000
8489,22.20211005055784,2000
8490,22.20421355768211,2000
8491,22.205348158835285,2000
8492,22.20096025108705,2000
8493,17.51093215282843,1000
8494,16.86565785656123,1000
8495,16.70068729549289,1000
8496,16.699584182309522,1000
8497,16.700082622442704,1000
8498,16.699381046242245,1000
8499,16.699939679933042,1000
8500,16.700607019560607,1000
8501,16.69989858756603,1000
8502,16.69941541479422,1000
8503,16.699857264162546,1000
8504,16.818648622575385,1000
8505,16.976308301438475,1000
8506,17.252240398627503,1000
8507,17.606302078395288,1000
8508,17.769010510283845,1000
8509,17.909326715404923,1000
8510,17.968170723876216,1000
8511,18.049895867653444,1000
8512,17.956967741206952,1000
8513,17.740667827528338,1000
8514,17.65560045677639,1000
8515,17.63155637078904,1000
8516,17.5649746169837,1000
8517,17.50517868922396,1000
8518,17.52448670468462,1000
8519,17.388759973703106,1000
8520,17.46154580699969,1000
8521,17.41096048787599,1000
8522,17.417977962431664,1000
8523,17.417934828337952,1000
8524,17.431395083387578,1000
8525,17.41802095455046,1000
8526,17.427557096481387,1000
8527,17.486195750666806,1000
8528,17.58578576361396,1000
8529,17.763278133746688,1000
8530,18.038093802012238,1000
8531,18.212121867653032,1000
8532,18.483465986018768,1000
8533,18.664026492181236,1000
8534,18.820431413181453,1000
8535,18.75634052042457,1000
8536,18.749526711600637,1000
8537,18.4014192227939,1000
8538,18.161743155634095,1000
8539,18.007220065383976,1000
8540,17.85699689588114,1000
8541,17.67768691881698,1000
8542,17.609008297174494,1000
8543,17.591908099718,1000
8544,17.602170786230595,1000
8545,17.31751838164149,1000
8546,17.179619267908507,1000
8547,17.086381031589525,1000
8548,16.901801431111792,1000
8549,16.732110249247036,1000
8550,16.69947294476665,1000
8551,21.010125997780115,1000
8552,22.094905926805286,2000
8553,22.202246085086998,2000
8554,22.2015248316753,2000
8555,22.838829250976865,2000
8556,23.887844317905362,2000
8557,23.899633832726447,2000
8558,24.18730058076571,2000
8559,24.455736740152773,2000
8560,23.916511282680467,2000
8561,22.76578150380201,2000
8562,22.203519792870928,2000
8563,22.20290193631851,2000
8564,22.20190657053182,2000
8565,18.548397606801373,1000
8566,17.662826980273234,1000
8567,17.062088692063636,1000
8568,16.704091533866897,1000
8569,16.700055981104327,1000
8570,16.69960988708644,1000
8571,16.699770010794747,1000
8572,16.700424743496395,1000
8573,16.700733140019008,1000
8574,16.699174248139606,1000
8575,20.816695512255542,1000
8576,21.690995185644958,2000
8577,22.2039235193028,2000
8578,22.200699557857412,2000
8579,22.76921074432874,2000
8580,23.76641696590549,2000
8581,23.899290761750493,2000
8582,24.083057211905377,2000
8583,24.20133957450313,2000
8584,23.89949963225989,2000
8585,22.56473953701373,2000
8586,22.201677316638328,2000
8587,22.202708894599237,2000
8588,22.204878445893275,2000
8589,18.57750122852338,1000
8590,17.709359905611453,1000
8591,17.141850125990793,1000
8592,16.724188819898625,1000
8593,16.69966251954313,1000
8594,16.70003079568092,1000
8595,16.700329470754337,1000
8596,16.699318062183654,1000
8597,16.70057738135595,1000
8598,16.70022332583496,1000
8599,20.81599458688563,1000
8600,21.752698205565228,2000
8601,22.203199384860525,2000
8602,22.22689704211387,2000
8603,23.218469802985183,2000
8604,23.897433869233105,2000
8605,23.8992879056873,2000
8606,23.899243353522273,2000
8607,23.89927658092259,2000
8608,23.899231515185214,2000
8609,22.646729584232848,2000
8610,22.203421809541776,2000
8611,22.202624893241143,2000
8612,22.20242270212216,2000
8613,19.139162543170702,1000
8614,18.402493381324714,1000
8615,17.96624123181609,1000
8616,17.633030392058057,1000
8617,17.471470203096352,1000
8618,17.38344249917571,1000
8619,17.200149810964707,1000
8620,17.125063491482948,1000
8621,17.089890978572157,1000
8622,16.925553907291977,1000
8623,21.503845498914615,2000
8624,22.202211188589803,2000
8625,22.20270901412969,2000
8626,22.201711231781932,2000
8627,22.20157425222083,2000
8628,22.20081574010344,2000
8629,22.20033776140847,2000
8630,22.200254079928197,2000
8631,22.201764321834975,2000
8632,22.20224731435884,2000
8633,22.20121430985767,2000
8634,22.20156078463829,2000
8635,22.204493519837406,2000
8636,22.200866215273344,2000
8637,19.32189289537697,1000
8638,18.68207554656196,1000
8639,18.26380768991728,1000
8640,17.928651409871314,1000
8641,17.689300009420645,1000
8642,17.544511295024357,1000
8643,17.469810514022956,1000
8644,17.22564917905453,1000
8645,17.09084806765539,1000
8646,16.958160542324865,1000
8647,21.529333014183692,2000
8648,22.201625863417107,2000
8649,22.20333540429453,2000
8650,22.20201444423497,2000
8651,22.203045376555984,2000
8652,22.201321749034545,2000
8653,22.201431038088,2000
8654,22.200752018873217,2000
8655,22.20151705513001,2000
8656,22.2019581152015,2000
8657,22.20352996754271,2000
8658,22.201919055656262,2000
8659,22.203925184853272,2000
8660,22.20284203159047,2000
8661,18.849059707605566,1000
8662,18.170927998477918,1000
8663,17.732779543860875,1000
8664,17.33005326886211,1000
8665,17.247212212880918,1000
8666,17.13924254935472,1000
8667,17.110385547193292,1000
8668,17.06780284040234,1000
8669,17.038148895841456,1000
8670,17.01591139380538,1000
8671,17.073281517422984,1000
8672,17.13379631873833,1000
8673,17.265068707370506,1000
8674,17.47419055703025,1000
8675,17.676061666061166,1000
8676,17.981254121727467,1000
8677,18.30157006629822,1000
8678,18.742911167937685,1000
8679,19.34594525046741,1000
8680,18.85230431089437,1000
8681,17.854319808112404,1000
8682,17.39113261125186,1000
8683,16.99087751549263,1000
8684,16.70713754892656,1000
8685,16.699448284083083,1000
8686,16.700330634532374,1000
8687,16.699946313784608,1000
8688,16.699752658444538,1000
8689,16.69925610596181,1000
8690,16.70000262534641,1000
8691,16.69931539528725,1000
8692,16.69934044136077,1000
8693,16.700445798813774,1000
8694,16.700306477286105,1000
8695,16.7003689489724,1000
8696,16.699990341844543,1000
8697,16.727279641866964,1000
8698,17.551246210659905,1000
8699,18.752285313499947,1000
8700,20.015814265072837,1000
8701,21.311565297040367,1000
8702,22.482922906312506,2000
8703,22.778842396079376,2000
8704,21.681393077821042,2000
8705,19.485798519977706,1000
8706,18.245326666693447,1000
8707,17.333105404662017,1000
8708,16.782580068966393,1000
8709,16.700001028000532,1000
8710,16.699638712073035,1000
8711,16.70012814080013,1000
8712,16.700021155618142,1000
8713,16.70033125385039,1000
8714,16.699345008862185,1000
8715,16.700074578898963,1000
8716,16.698980830880878,1000
8717,16.699924075505827,1000
8718,16.699151433012506,1000
8719,20.216417443483287,1000
8720,20.9987671300594,1000
8721,22.200683750449983,2000
8722,22.20388356133646,2000
8723,22.201147202681078,2000
8724,22.201580715943063,2000
8725,22.20057410155705,2000
8726,22.201683598085346,2000
8727,22.201632668622683,2000
8728,22.201050531116458,2000
8729,22.202358549107505,2000
8730,22.203434549789314,2000
8731,22.205315173864648,2000
8732,22.202080982457492,2000
8733,18.73691152819701,1000
8734,18.017355865078095,1000
8735,17.615542481991902,1000
8736,17.231518603545375,1000
8737,17.142019648412063,1000
8738,17.196866751898362,1000
8739,17.16490537685704,1000
8740,17.178572663301495,1000
8741,17.10895012892692,1000
8742,17.121839331827495,1000
8743,21.819656688858174,2000
8744,22.19715879355303,2000
8745,22.201925037865433,2000
8746,22.200336018535328,2000
8747,22.201629236755398,2000
8748,22.20114177495966,2000
8749,22.202481725721917,2000
8750,22.20121748514622,2000
8751,22.201593078847356,2000
8752,22.200687689546964,2000
8753,22.201618805240393,2000
8754,22.202094331046087,2000
8755,22.202133524339885,2000
8756,22.20491123048414,2000
8757,18.69261322648187,1000
8758,17.843056556125834,1000
8759,17.423697878243,1000
8760,17.75557632604311,1000
8761,17.097306344623334,1000
8762,16.702422069076984,1000
8763,16.700058180119928,1000
8764,16.700302638114106,1000
8765,16.700021652808775,1000
8766,16.699145142454842,1000
8767,20.64578207200188,1000
8768,21.66817777065712,2000
8769,22.20358038666571,2000
8770,22.202624041027313,2000
8771,22.508313698826022,2000
8772,23.00246871265474,2000
8773,22.368403640271893,2000
8774,22.57952733607837,2000
8775,22.74322189367485,2000
8776,22.30779287601101,2000
8777,22.200986294683613,2000
8778,22.202172596446193,2000
8779,22.204809556136226,2000
8780,22.202850941292034,2000
8781,19.31237848331167,1000
8782,18.556827139265753,1000
8783,18.075202175511695,1000
8784,17.75557632604312,1000
8785,17.458719923423825,1000
8786,17.23820867727522,1000
8787,17.08557044648216,1000
8788,17.008045167682102,1000
8789,16.946121461269957,1000
8790,16.92374190485305,1000
8791,21.728861090061955,2000
8792,22.202824832354345,2000
8793,22.20152234147892,2000
8794,22.202217284053607,2000
8795,22.20202813961812,2000
8796,22.201100366315774,2000
8797,22.200187686692008,2000
8798,22.244828979177665,2000
8799,22.294170126683383,2000
8800,22.20047555817915,2000
8801,22.203468314209193,2000
8802,22.202362202826414,2000
8803,22.203316787989603,2000
8804,22.201786758884364,2000
8805,19.321363651058608,1000
8806,18.743248918785156,1000
8807,18.43064414829481,1000
8808,18.07703101741096,1000
8809,17.834481946881038,1000
8810,17.585479818735042,1000
8811,17.358023391758298,1000
8812,17.223702230335487,1000
8813,17.08949283245787,1000
8814,16.915361727598853,1000
8815,21.42977689031425,1000
8816,22.19899601942133,2000
8817,22.20253896060905,2000
8818,22.203287884829905,2000
8819,22.201085442930488,2000
8820,22.201714746775842,2000
8821,22.201115628292005,2000
8822,22.201535234560925,2000
8823,22.22669753070379,2000
8824,22.202176532961857,2000
8825,22.202343932200595,2000
8826,22.20279705754282,2000
8827,22.203878258664968,2000
8828,22.202122966346188,2000
8829,19.07569648171397,1000
8830,18.280142147791345,1000
8831,17.758422334531524,1000
8832,17.45516766927688,1000
8833,17.2313876473356,1000
8834,17.017830011847547,1000
8835,16.84760552362835,1000
8836,16.72635912171214,1000
8837,16.69974619605612,1000
8838,16.699372126596582,1000
8839,21.332997750897697,1000
8840,22.196050486412915,2000
8841,22.202726721739182,2000
8842,22.20305771737017,2000
8843,22.200815814048575,2000
8844,22.201861068384044,2000
8845,22.201345648093877,2000
8846,22.20023817392086,2000
8847,22.201951743395266,2000
8848,22.201125117454037,2000
8849,22.203473037688056,2000
8850,22.20267491403374,2000
8851,22.205171851218626,2000
8852,22.203858605809977,2000
8853,18.473597741246387,1000
8854,17.595398565090516,1000
8855,17.119916643508958,1000
8856,16.799961284661244,1000
8857,16.70208920002924,1000
8858,16.699747877982013,1000
8859,16.699411723869687,1000
8860,16.699638236584125,1000
8861,16.69930211964865,1000
8862,16.70010957963358,1000
8863,16.69901998467642,1000
8864,16.69985012268029,1000
8865,16.70003390477451,1000
8866,17.137138653436647,1000
8867,18.262138056809402,1000
8868,19.496128182394248,1000
8869,20.71865924531085,1000
8870,21.708081628441327,2000
8871,21.77010057703713,2000
8872,20.46978022889017,1000
8873,18.782322018280404,1000
8874,17.83289814577198,1000
8875,17.22510641590538,1000
8876,16.813406537375606,1000
8877,16.69986040328052,1000
8878,16.700715019090133,1000
8879,16.700015362148484,1000
8880,16.699592535549506,1000
8881,16.700473921047788,1000
8882,16.69941309698642,1000
8883,16.699160241970336,1000
8884,16.69920335730252,1000
8885,16.699307982054535,1000
8886,16.700406582731542,1000
8887,16.69974739131732,1000
8888,16.69949194059193,1000
8889,16.700356235009778,1000
8890,17.095199282278852,1000
8891,17.701682935942877,1000
8892,17.608967489181364,1000
8893,17.716164439429136,1000
8894,17.464066310866965,1000
8895,17.84433265878015,1000
8896,17.95397649132611,1000
8897,16.91553950270359,1000
8898,16.699756311143112,1000
8899,16.699601633196963,1000
8900,16.699286054685373,1000
8901,16.700200499381154,1000
8902,16.69960482759342,1000
8903,16.70006392107448,1000
8904,16.70036086351889,1000
8905,16.699541697669012,1000
8906,16.699417433490346,1000
8907,16.69882023920561,1000
8908,16.70089274221937,1000
8909,16.700121416640474,1000
8910,16.700585322430285,1000
8911,19.17787387144048,1000
8912,19.857504681142835,1000
8913,22.200648524800705,2000
8914,22.202519558125985,2000
8915,22.20128460722575,2000
8916,22.614409190392585,2000
8917,23.407312346343364,2000
8918,23.899195035753195,2000
8919,23.899142100054096,2000
8920,23.899347578708586,2000
8921,22.20258914089024,2000
8922,22.20384025188519,2000
8923,22.204651639612116,2000
8924,22.20281241177105,2000
8925,17.6155954953836,1000
8926,16.699969972335253,1000
8927,16.700001049421086,1000
